"","mental_health","training","age","female","sales","tenure"
"1",3,0,35,1,0,0
"2",2,1,25,1,1,26
"3",4,1,60,0,1,38
"4",5,1,22,1,1,26
"5",6,0,55,0,0,18
"6",5,1,44,1,0,42
"7",3,1,35,1,1,22
"8",4,1,39,1,1,11
"9",7,1,54,1,0,15
"10",3,1,42,1,1,5
"11",7,0,42,0,0,21
"12",6,0,31,0,0,2
"13",7,0,28,0,0,4
"14",4,0,30,0,1,12
"15",6,0,36,0,0,9
"16",7,0,42,0,0,10
"17",3,0,58,0,0,9
"18",4,1,46,1,1,26
"19",4,0,58,0,0,45
"20",5,1,58,0,1,49
"21",2,1,55,1,1,24
"22",6,1,46,1,0,25
"23",1,0,36,1,0,5
"24",2,1,54,1,1,35
"25",7,0,41,0,0,38
"26",4,1,56,0,1,31
"27",3,0,27,0,1,23
"28",6,0,31,0,0,30
"29",2,1,59,1,1,26
"30",3,0,41,0,1,11
"31",2,0,49,1,0,17
"32",4,1,41,1,1,1
"33",3,1,44,1,1,14
"34",1,0,27,0,1,30
"35",4,1,46,1,1,5
"36",8,0,27,0,0,3
"37",2,1,60,1,1,25
"38",3,0,27,0,1,33
"39",3,1,45,1,1,22
"40",5,1,53,0,1,21
"41",1,0,35,1,0,11
"42",7,0,23,0,0,26
"43",4,0,39,0,1,5
"44",4,1,43,1,1,8
"45",3,0,35,0,1,5
"46",3,1,59,1,1,12
"47",7,0,22,0,0,5
"48",3,0,27,1,0,10
"49",4,1,44,1,1,10
"50",3,1,27,1,1,0
"51",3,1,60,1,1,10
"52",3,0,32,0,1,34
"53",4,1,38,1,1,1
"54",4,1,57,0,1,44
"55",2,0,34,0,1,17
"56",3,0,46,0,1,3
"57",3,0,46,0,1,16
"58",4,1,44,0,1,31
"59",5,1,41,1,1,7
"60",3,1,60,0,1,32
"61",6,1,50,0,1,18
"62",3,0,34,0,1,6
"63",3,0,43,1,0,3
"64",4,1,50,1,1,12
"65",5,1,49,1,0,26
"66",2,1,54,1,1,47
"67",1,0,42,0,1,3
"68",5,1,52,0,1,28
"69",5,1,59,1,0,10
"70",7,1,38,1,0,26
"71",9,0,30,0,0,2
"72",5,1,60,1,0,47
"73",3,0,44,0,1,26
"74",3,0,40,1,0,9
"75",5,0,47,0,0,22
"76",4,1,51,1,0,40
"77",5,1,53,0,1,36
"78",4,1,60,1,0,40
"79",3,0,50,0,1,12
"80",4,1,55,1,0,23
"81",3,0,31,0,1,10
"82",3,0,22,1,0,27
"83",4,1,47,1,1,38
"84",5,0,36,0,0,9
"85",1,0,50,1,0,10
"86",7,0,45,0,0,14
"87",7,0,33,0,0,20
"88",4,0,60,0,0,28
"89",5,1,45,1,0,40
"90",4,0,49,0,1,7
"91",1,0,43,0,1,13
"92",3,1,54,1,1,22
"93",2,0,40,0,1,6
"94",7,1,47,1,0,21
"95",6,1,56,0,1,41
"96",7,0,22,0,0,0
"97",2,0,50,0,1,14
"98",2,0,35,0,1,8
"99",4,1,43,0,1,40
"100",8,0,27,0,0,0
"101",4,1,49,1,1,10
"102",4,0,58,0,0,24
"103",3,0,24,1,0,22
"104",4,1,43,1,1,33
"105",5,0,56,0,0,47
"106",3,0,28,0,1,0
"107",4,0,56,0,0,44
"108",5,1,48,1,1,12
"109",3,1,28,1,1,13
"110",2,0,41,1,0,14
"111",4,1,45,1,0,30
"112",3,0,37,1,0,10
"113",5,0,40,0,0,7
"114",4,1,57,1,1,39
"115",2,0,23,0,1,1
"116",4,1,22,1,1,1
"117",1,0,60,0,1,13
"118",2,0,34,0,1,18
"119",7,0,47,0,0,7
"120",4,1,55,1,1,27
"121",4,0,23,0,1,0
"122",8,0,40,0,0,4
"123",4,0,38,0,1,8
"124",4,1,55,0,1,34
"125",6,0,32,0,0,17
"126",3,1,52,1,0,42
"127",5,1,56,1,0,10
"128",3,0,56,0,0,38
"129",1,1,40,1,1,15
"130",1,0,32,0,1,23
"131",5,1,37,1,1,17
"132",2,0,30,1,0,1
"133",7,0,49,0,0,7
"134",6,1,45,0,1,22
"135",7,0,31,0,0,16
"136",6,0,36,0,0,36
"137",4,1,24,1,1,26
"138",5,0,58,0,0,34
"139",5,1,53,1,1,27
"140",2,1,58,1,1,20
"141",3,1,60,1,0,27
"142",3,1,52,1,1,18
"143",4,1,58,1,1,38
"144",5,0,50,0,0,40
"145",2,0,33,1,0,31
"146",4,0,35,1,0,21
"147",5,1,59,0,1,20
"148",3,0,37,0,1,12
"149",3,1,36,1,1,23
"150",2,0,23,1,0,0
"151",1,0,22,1,0,18
"152",5,1,24,1,1,16
"153",4,0,30,1,0,11
"154",6,0,59,0,0,40
"155",5,0,38,0,0,36
"156",5,0,41,0,0,32
"157",1,0,26,0,1,1
"158",5,1,48,1,1,10
"159",3,1,52,1,1,28
"160",2,0,29,0,1,28
"161",6,1,57,1,0,40
"162",5,1,50,1,0,22
"163",3,0,42,0,1,8
"164",3,1,22,1,1,0
"165",4,0,41,0,1,11
"166",4,0,45,0,0,31
"167",4,1,43,1,0,27
"168",5,0,59,0,0,20
"169",4,0,37,0,1,6
"170",7,0,51,0,0,7
"171",6,0,50,0,0,33
"172",1,0,23,0,1,12
"173",2,0,29,0,1,32
"174",2,0,35,1,0,38
"175",4,1,57,1,0,18
"176",5,1,47,1,0,19
"177",5,0,58,0,0,12
"178",3,0,29,1,0,10
"179",7,0,28,0,0,0
"180",2,1,57,1,0,43
"181",6,0,57,0,0,28
"182",4,1,30,1,1,16
"183",5,1,48,1,0,41
"184",3,1,36,0,1,36
"185",3,1,59,1,1,44
"186",2,0,27,0,1,6
"187",7,0,25,0,0,1
"188",5,1,56,1,0,33
"189",4,1,56,0,1,39
"190",2,0,34,1,0,19
"191",2,0,28,0,1,23
"192",5,1,46,1,1,31
"193",6,1,52,0,1,41
"194",4,1,58,0,1,45
"195",1,1,49,1,1,37
"196",4,0,60,0,0,36
"197",6,0,49,0,0,42
"198",4,0,41,0,1,18
"199",6,0,50,0,0,31
"200",8,0,22,0,0,4
"201",3,0,49,0,0,31
"202",4,0,35,1,0,0
"203",4,1,52,0,1,23
"204",4,1,33,1,1,21
"205",2,1,50,1,1,22
"206",2,0,37,0,1,32
"207",4,0,31,1,0,2
"208",5,1,55,1,0,15
"209",3,1,47,1,1,39
"210",8,0,54,0,0,9
"211",3,0,25,0,1,4
"212",4,0,43,0,1,2
"213",4,0,46,1,0,3
"214",6,1,45,0,1,24
"215",3,1,58,1,1,27
"216",1,0,36,0,1,16
"217",3,1,35,1,1,18
"218",4,1,38,1,1,27
"219",5,1,39,0,1,36
"220",4,1,54,0,1,46
"221",6,1,53,0,1,18
"222",2,0,29,0,1,26
"223",3,1,60,0,1,27
"224",2,0,28,0,1,13
"225",4,1,48,1,1,6
"226",4,0,30,1,0,1
"227",5,1,41,1,1,11
"228",2,1,55,1,1,32
"229",4,1,58,1,1,41
"230",5,1,50,0,1,36
"231",3,0,32,0,1,11
"232",5,1,23,1,1,27
"233",5,1,24,1,1,14
"234",3,1,59,1,1,31
"235",8,0,36,0,0,4
"236",6,1,49,1,0,11
"237",4,1,26,1,1,2
"238",4,1,49,1,1,20
"239",6,0,35,0,0,23
"240",6,0,58,0,0,27
"241",1,0,38,1,0,20
"242",4,0,22,0,1,20
"243",3,0,47,1,0,20
"244",3,1,54,1,1,39
"245",3,1,40,1,1,27
"246",4,1,47,1,1,19
"247",1,0,44,1,0,23
"248",2,0,25,0,1,11
"249",3,0,37,0,1,5
"250",7,0,48,0,0,4
"251",5,1,60,0,1,17
"252",5,0,59,0,0,37
"253",7,0,37,0,0,31
"254",4,0,55,0,0,42
"255",4,0,50,0,0,19
"256",3,1,56,1,1,29
"257",3,1,31,1,1,36
"258",6,0,27,0,0,31
"259",3,1,60,0,1,20
"260",5,1,54,1,0,29
"261",7,0,44,0,0,2
"262",3,1,54,1,1,38
"263",5,1,56,0,1,34
"264",3,1,32,1,1,28
"265",9,0,34,0,0,20
"266",5,1,58,1,0,26
"267",6,0,47,0,0,14
"268",2,1,47,1,1,38
"269",2,1,55,1,1,27
"270",9,0,25,0,0,0
"271",5,1,46,1,0,19
"272",2,0,59,0,1,13
"273",2,0,38,1,0,0
"274",4,1,45,1,1,34
"275",3,1,30,1,1,27
"276",5,0,51,0,0,45
"277",1,0,30,1,0,17
"278",7,0,32,0,0,2
"279",2,0,58,0,0,42
"280",5,1,53,1,1,43
"281",2,0,24,0,1,18
"282",4,1,40,1,1,0
"283",5,0,54,0,0,41
"284",7,0,25,0,0,5
"285",3,0,34,1,0,8
"286",1,0,22,1,0,4
"287",7,0,26,0,0,5
"288",5,1,56,0,1,27
"289",5,1,44,1,0,15
"290",6,0,50,0,0,6
"291",5,1,56,0,1,35
"292",4,1,57,0,1,41
"293",7,0,30,0,0,0
"294",6,1,56,1,0,11
"295",4,0,56,0,0,36
"296",4,0,41,1,0,5
"297",3,1,43,1,1,4
"298",4,1,43,0,1,31
"299",3,1,40,1,1,31
"300",4,0,39,0,0,38
"301",4,1,60,1,0,27
"302",5,1,50,1,0,18
"303",5,1,48,0,1,38
"304",5,1,57,1,0,23
"305",3,0,53,0,0,35
"306",2,0,52,0,1,6
"307",5,0,38,0,0,38
"308",5,0,58,0,0,20
"309",3,1,46,1,1,41
"310",4,0,30,1,0,2
"311",6,0,42,0,0,19
"312",9,0,42,0,0,7
"313",3,0,36,1,0,23
"314",3,0,58,0,1,11
"315",3,0,45,0,1,5
"316",4,0,35,1,0,12
"317",3,1,28,1,1,28
"318",4,0,48,0,0,44
"319",2,1,47,1,1,29
"320",5,0,51,0,0,42
"321",3,1,36,1,1,10
"322",8,0,27,0,0,11
"323",6,1,55,1,0,28
"324",5,0,42,0,0,21
"325",7,0,22,0,0,22
"326",2,1,38,1,1,33
"327",9,0,34,0,0,0
"328",3,1,47,0,1,33
"329",8,0,23,0,0,0
"330",8,0,29,0,0,3
"331",5,0,46,0,0,29
"332",5,1,52,0,1,16
"333",6,1,41,1,0,37
"334",7,0,41,0,0,16
"335",3,0,26,1,0,0
"336",4,0,31,0,1,14
"337",5,1,41,1,0,35
"338",5,1,36,1,1,0
"339",6,0,50,0,0,42
"340",3,0,23,0,1,24
"341",9,0,22,0,0,3
"342",4,1,26,1,1,31
"343",3,1,46,1,1,8
"344",5,1,58,0,1,36
"345",4,1,53,1,0,43
"346",4,1,34,1,1,25
"347",4,1,46,0,1,41
"348",8,0,25,0,0,15
"349",6,1,59,1,0,46
"350",3,0,26,1,0,9
"351",3,0,22,0,1,23
"352",6,1,59,0,1,17
"353",1,0,34,1,0,22
"354",5,1,29,1,1,14
"355",6,0,40,0,0,10
"356",3,0,49,1,0,10
"357",2,1,59,1,1,34
"358",3,0,32,1,0,30
"359",2,1,29,1,1,25
"360",6,1,44,0,1,37
"361",2,0,41,0,1,21
"362",2,0,26,1,0,29
"363",4,0,23,0,1,15
"364",2,0,26,1,0,21
"365",3,0,33,0,1,8
"366",2,0,24,0,1,23
"367",3,1,47,1,1,15
"368",6,0,35,0,0,38
"369",2,0,34,0,1,33
"370",3,0,52,0,1,6
"371",5,1,55,0,1,24
"372",5,1,51,0,1,27
"373",5,0,47,0,0,38
"374",3,0,28,1,0,3
"375",6,0,30,0,0,1
"376",7,0,29,0,0,11
"377",7,0,43,0,0,9
"378",2,0,27,0,1,1
"379",5,1,48,1,0,26
"380",6,0,51,0,0,38
"381",6,0,31,0,0,16
"382",6,1,51,1,1,12
"383",4,1,22,1,1,0
"384",4,1,27,1,1,0
"385",2,1,38,1,1,23
"386",4,1,34,1,1,12
"387",4,1,47,1,0,39
"388",4,1,23,1,1,4
"389",5,1,53,0,1,30
"390",3,1,57,1,1,27
"391",3,1,26,1,1,21
"392",4,1,44,1,1,26
"393",3,1,59,0,1,32
"394",7,0,41,0,0,27
"395",3,1,49,1,1,20
"396",7,1,49,0,1,38
"397",4,1,33,1,1,15
"398",6,1,56,1,0,46
"399",8,0,25,0,0,0
"400",4,1,47,0,1,27
"401",3,1,34,1,1,17
"402",6,0,24,0,0,29
"403",4,1,36,1,0,33
"404",4,0,55,0,0,14
"405",6,1,59,1,0,15
"406",8,0,25,0,0,23
"407",2,0,47,0,1,18
"408",2,0,42,1,0,4
"409",7,0,42,0,0,16
"410",2,0,50,0,1,12
"411",3,0,37,0,1,5
"412",5,1,58,1,0,29
"413",4,1,45,1,1,17
"414",6,0,42,0,0,41
"415",1,1,24,1,1,0
"416",6,0,47,0,0,23
"417",5,0,44,0,0,35
"418",5,0,57,0,0,18
"419",6,1,43,0,1,38
"420",3,1,24,1,1,4
"421",8,0,25,0,0,10
"422",5,1,57,1,0,45
"423",4,0,58,0,0,29
"424",8,0,22,0,0,26
"425",6,0,58,0,0,29
"426",5,1,43,1,0,31
"427",3,1,42,1,1,40
"428",6,1,48,1,0,23
"429",2,1,32,1,1,31
"430",3,1,32,1,1,8
"431",5,1,27,1,1,16
"432",5,0,57,0,0,27
"433",3,0,27,0,1,0
"434",5,0,41,0,0,35
"435",4,0,54,0,0,36
"436",4,1,32,1,1,11
"437",9,0,32,0,0,17
"438",4,0,42,0,0,37
"439",6,0,42,0,0,21
"440",4,1,38,1,1,2
"441",7,0,30,0,0,21
"442",2,0,39,1,0,12
"443",6,1,52,0,1,26
"444",4,1,29,1,1,7
"445",4,1,44,0,1,32
"446",4,1,27,1,1,23
"447",5,1,32,1,1,1
"448",3,1,58,1,1,24
"449",5,1,46,0,1,35
"450",3,1,23,1,1,6
"451",6,1,60,1,0,13
"452",2,0,53,1,0,8
"453",6,0,43,0,0,3
"454",5,0,56,0,0,42
"455",2,0,32,0,1,0
"456",3,1,34,1,1,13
"457",4,1,23,1,1,0
"458",2,0,27,1,0,32
"459",6,1,36,1,0,27
"460",2,0,49,1,0,8
"461",3,1,22,1,1,23
"462",3,1,23,1,1,27
"463",7,0,30,0,0,19
"464",7,0,26,0,0,23
"465",5,0,48,0,0,25
"466",2,0,50,1,0,20
"467",6,0,23,0,0,24
"468",3,1,58,1,1,23
"469",4,1,52,1,1,44
"470",6,0,35,0,0,30
"471",6,1,46,0,1,37
"472",3,1,42,1,1,26
"473",4,1,44,1,1,7
"474",5,0,27,0,1,7
"475",6,0,42,0,1,5
"476",1,0,26,0,1,15
"477",3,1,46,1,1,16
"478",3,0,38,1,0,4
"479",6,1,54,1,0,39
"480",8,0,40,0,0,0
"481",4,1,38,0,1,35
"482",3,1,41,1,1,2
"483",4,1,44,1,1,5
"484",1,0,41,1,0,26
"485",3,1,52,1,1,36
"486",3,0,26,1,0,20
"487",5,1,48,0,1,21
"488",7,1,54,0,1,21
"489",4,0,22,0,1,7
"490",7,0,50,0,0,17
"491",4,0,55,0,0,38
"492",6,1,57,1,1,26
"493",4,1,41,1,1,2
"494",4,1,42,0,1,38
"495",6,0,59,0,0,43
"496",1,1,45,1,1,18
"497",5,0,55,0,0,37
"498",0,0,41,0,1,13
"499",4,1,24,1,1,8
"500",4,1,41,1,1,36
"501",4,0,55,0,0,29
"502",4,1,36,1,1,38
"503",6,1,51,1,1,11
"504",6,1,34,0,1,36
"505",8,0,37,0,0,9
"506",5,1,57,1,0,47
"507",6,1,51,1,0,21
"508",2,0,50,1,0,5
"509",4,0,49,0,1,7
"510",8,0,34,0,0,9
"511",6,0,28,0,0,0
"512",3,1,39,1,1,3
"513",3,0,22,0,1,19
"514",4,0,25,1,0,14
"515",3,1,26,1,1,27
"516",4,1,57,0,1,22
"517",6,1,55,0,1,36
"518",5,1,47,1,0,41
"519",3,1,54,1,1,32
"520",7,0,40,0,0,37
"521",3,1,38,1,1,8
"522",5,1,34,0,1,30
"523",5,1,60,0,1,41
"524",6,1,57,1,0,26
"525",4,1,28,1,1,30
"526",7,0,43,0,0,35
"527",6,0,30,0,0,24
"528",2,1,53,1,1,11
"529",5,1,54,0,1,25
"530",3,1,49,1,0,40
"531",10,0,33,0,0,9
"532",4,0,51,0,0,46
"533",5,0,56,0,0,18
"534",5,0,47,0,0,25
"535",6,1,24,1,1,11
"536",2,1,36,1,1,0
"537",3,1,60,1,1,38
"538",4,1,44,1,1,32
"539",5,0,46,0,0,24
"540",4,0,22,1,0,18
"541",5,0,49,0,0,39
"542",2,0,30,1,0,21
"543",4,1,35,1,1,31
"544",6,1,52,1,0,33
"545",5,0,37,0,0,34
"546",5,1,42,0,1,21
"547",5,1,33,1,1,7
"548",3,0,51,1,0,12
"549",3,1,43,1,1,9
"550",5,0,50,0,0,14
"551",3,1,22,1,1,31
"552",7,0,33,0,0,30
"553",2,0,49,0,1,18
"554",7,0,33,0,0,16
"555",3,0,46,0,1,4
"556",1,0,46,1,0,9
"557",3,0,29,1,0,30
"558",3,0,52,0,1,7
"559",3,1,26,1,1,6
"560",2,0,33,0,1,0
"561",3,1,51,0,1,43
"562",3,0,30,1,0,1
"563",5,0,23,1,0,19
"564",3,0,30,1,0,14
"565",4,1,43,1,1,21
"566",7,0,48,0,0,9
"567",3,1,59,1,1,45
"568",7,0,44,0,0,6
"569",4,1,55,1,0,43
"570",2,0,24,1,0,1
"571",4,0,22,0,1,0
"572",2,0,23,0,1,28
"573",7,0,40,0,0,2
"574",5,1,50,0,1,14
"575",5,1,26,1,1,0
"576",4,0,55,0,0,15
"577",3,0,33,1,0,11
"578",6,1,39,1,0,39
"579",5,0,55,0,0,34
"580",4,1,34,1,1,32
"581",3,1,60,1,1,25
"582",5,1,25,1,1,18
"583",3,0,27,0,1,22
"584",2,1,44,1,1,33
"585",6,1,46,0,1,27
"586",2,0,37,1,0,13
"587",3,0,43,1,0,16
"588",4,1,47,0,1,37
"589",2,1,35,1,1,0
"590",4,1,27,1,1,20
"591",2,0,29,1,0,18
"592",5,0,42,0,0,41
"593",5,0,45,0,0,28
"594",7,0,24,0,0,4
"595",5,1,58,0,1,20
"596",1,0,35,1,0,21
"597",5,0,48,0,0,15
"598",4,1,34,1,1,2
"599",4,0,40,0,1,25
"600",3,0,24,1,0,2
"601",5,1,50,0,1,43
"602",5,1,26,1,1,0
"603",5,1,46,1,1,25
"604",1,0,52,0,1,15
"605",4,1,35,0,1,29
"606",3,0,57,1,0,12
"607",2,0,41,1,0,7
"608",4,0,52,0,0,13
"609",3,0,34,1,0,3
"610",7,0,24,0,0,16
"611",4,1,45,1,1,12
"612",5,1,50,0,1,45
"613",3,0,31,0,1,19
"614",5,0,34,0,0,27
"615",6,0,27,0,0,15
"616",7,0,31,0,0,0
"617",1,1,60,1,1,40
"618",7,0,40,0,0,3
"619",4,1,39,0,1,39
"620",4,1,42,0,1,31
"621",8,0,44,0,0,4
"622",5,1,47,0,1,43
"623",1,0,36,1,0,14
"624",4,1,50,0,1,41
"625",3,1,50,1,1,18
"626",4,0,26,0,0,24
"627",4,1,43,0,1,24
"628",4,0,22,1,0,2
"629",8,0,43,0,0,6
"630",6,0,34,0,0,21
"631",3,1,43,1,0,21
"632",4,1,27,1,1,0
"633",5,0,54,0,0,37
"634",6,0,45,0,0,37
"635",3,1,43,1,1,40
"636",5,0,54,0,0,29
"637",5,0,31,0,0,29
"638",3,1,40,1,1,35
"639",7,0,29,0,0,21
"640",2,0,33,0,1,27
"641",5,0,32,0,0,28
"642",3,0,37,1,0,2
"643",5,1,42,1,0,38
"644",4,1,27,1,1,24
"645",6,1,45,1,0,36
"646",4,1,47,1,1,44
"647",2,0,29,0,1,27
"648",7,0,42,0,0,15
"649",4,0,28,1,0,7
"650",5,0,56,0,0,23
"651",5,1,54,0,1,37
"652",4,1,51,1,1,29
"653",6,0,26,0,0,33
"654",5,0,26,0,0,20
"655",5,0,25,1,0,11
"656",4,0,32,0,0,32
"657",7,0,23,0,0,24
"658",4,0,32,1,0,5
"659",3,0,31,1,0,11
"660",6,1,55,0,1,42
"661",4,0,23,0,1,21
"662",5,1,33,1,1,17
"663",3,0,27,0,1,15
"664",2,0,30,1,0,35
"665",5,0,60,0,0,29
"666",8,0,40,0,0,7
"667",6,0,26,0,0,11
"668",1,0,38,1,0,7
"669",4,1,30,1,1,30
"670",2,0,46,1,0,13
"671",5,0,34,0,1,5
"672",4,1,33,1,1,10
"673",4,1,56,0,1,8
"674",3,0,29,1,0,19
"675",4,0,23,0,1,0
"676",8,0,30,0,0,0
"677",2,0,52,1,0,16
"678",3,1,28,1,1,32
"679",4,1,26,1,1,3
"680",4,0,28,1,0,1
"681",5,1,60,0,1,30
"682",4,1,52,0,1,31
"683",5,0,23,0,0,21
"684",3,0,41,1,0,10
"685",4,1,29,1,1,34
"686",4,1,46,1,0,38
"687",1,0,56,0,1,12
"688",3,0,42,0,1,27
"689",4,1,53,1,1,13
"690",2,1,34,1,1,0
"691",5,1,37,0,1,36
"692",9,0,28,0,0,0
"693",5,1,46,1,0,28
"694",2,0,40,1,0,7
"695",4,1,56,1,0,44
"696",6,0,46,0,0,17
"697",5,0,34,0,0,0
"698",4,1,31,1,1,14
"699",4,0,55,0,0,31
"700",2,0,37,1,0,25
"701",7,0,32,0,0,25
"702",6,1,45,0,1,28
"703",8,0,24,0,0,6
"704",3,0,28,1,0,5
"705",4,1,51,0,1,41
"706",6,0,43,0,0,37
"707",5,0,53,0,0,27
"708",4,0,44,0,0,37
"709",3,0,45,1,0,11
"710",4,1,33,1,1,11
"711",3,1,49,1,1,16
"712",3,0,29,1,0,8
"713",6,1,44,1,1,2
"714",4,1,34,1,0,37
"715",2,0,39,0,1,22
"716",4,0,23,1,0,0
"717",3,1,33,1,1,19
"718",3,0,31,1,0,25
"719",5,1,44,1,0,22
"720",5,0,27,0,0,26
"721",7,0,29,0,0,1
"722",4,1,44,1,1,6
"723",5,0,34,1,0,17
"724",4,1,51,1,0,37
"725",5,1,55,1,0,36
"726",8,0,29,0,0,8
"727",1,1,33,1,1,30
"728",4,1,43,1,1,24
"729",4,1,44,0,1,23
"730",4,0,24,0,1,5
"731",3,0,25,0,1,15
"732",3,0,42,0,1,3
"733",3,0,33,0,1,32
"734",3,0,45,1,0,13
"735",4,0,34,0,0,33
"736",3,0,28,0,1,19
"737",6,1,48,0,1,26
"738",5,1,43,1,0,32
"739",4,0,56,0,0,12
"740",5,1,53,1,0,24
"741",6,1,26,1,1,18
"742",4,1,59,1,1,30
"743",2,0,48,1,0,12
"744",1,0,31,1,0,19
"745",3,1,50,1,1,22
"746",3,0,34,0,1,5
"747",2,0,33,1,0,0
"748",5,1,48,1,0,29
"749",2,1,60,1,1,30
"750",8,0,22,0,0,2
"751",3,1,30,1,1,22
"752",3,0,32,0,1,25
"753",7,0,57,0,0,15
"754",6,0,58,0,0,38
"755",7,0,31,0,0,8
"756",4,1,42,1,1,7
"757",5,1,57,1,0,13
"758",5,0,44,0,0,29
"759",5,0,49,0,0,26
"760",5,0,53,0,0,26
"761",2,0,46,0,1,13
"762",3,1,45,1,1,12
"763",7,0,33,0,0,21
"764",5,1,26,1,1,16
"765",5,1,52,1,0,38
"766",5,0,38,0,0,22
"767",3,0,27,1,0,8
"768",5,1,50,0,1,38
"769",3,0,40,1,0,0
"770",7,0,47,0,0,7
"771",1,0,48,0,1,11
"772",4,0,22,0,1,14
"773",7,0,22,0,0,0
"774",2,0,30,0,1,17
"775",3,0,27,0,1,17
"776",3,0,57,0,1,8
"777",2,0,46,0,1,7
"778",4,1,25,1,1,18
"779",1,1,30,1,1,3
"780",7,0,30,0,0,16
"781",3,1,60,1,1,27
"782",6,1,57,0,1,11
"783",5,1,40,0,1,28
"784",7,0,25,0,0,8
"785",6,1,56,1,0,23
"786",2,1,50,1,1,27
"787",1,0,37,0,1,21
"788",3,0,24,1,0,0
"789",6,0,57,0,0,36
"790",3,0,41,1,0,2
"791",3,0,35,0,1,22
"792",2,0,35,0,1,24
"793",5,1,54,1,0,45
"794",10,0,22,0,0,6
"795",3,0,56,0,0,43
"796",4,1,40,0,1,37
"797",6,0,45,0,0,7
"798",10,0,32,0,0,0
"799",6,1,44,1,0,38
"800",3,1,23,1,1,18
"801",2,1,60,1,1,47
"802",2,1,41,1,1,21
"803",9,0,35,0,0,8
"804",2,0,31,0,1,0
"805",2,0,42,0,1,14
"806",5,1,54,1,0,34
"807",3,0,53,0,1,8
"808",3,1,49,1,1,44
"809",4,1,49,1,1,12
"810",6,0,28,0,0,16
"811",4,0,25,1,0,0
"812",3,1,46,1,1,26
"813",5,1,51,1,0,33
"814",3,1,51,1,0,30
"815",4,1,58,0,1,18
"816",5,1,53,0,1,32
"817",3,1,31,1,1,27
"818",6,1,44,0,1,22
"819",4,1,30,1,1,16
"820",5,1,54,1,0,35
"821",7,0,32,0,0,17
"822",3,0,41,0,1,14
"823",5,1,41,1,1,32
"824",5,1,55,0,1,37
"825",2,0,30,0,1,15
"826",4,1,34,1,1,20
"827",3,0,26,1,0,9
"828",3,1,37,1,1,16
"829",2,0,24,1,0,7
"830",2,0,47,1,0,15
"831",6,1,38,1,0,36
"832",8,0,22,0,0,5
"833",4,0,29,0,1,17
"834",4,0,40,0,1,2
"835",4,0,39,0,0,29
"836",2,1,23,1,1,19
"837",4,1,43,1,0,24
"838",6,0,57,0,0,30
"839",7,0,25,0,0,14
"840",5,0,35,0,0,5
"841",2,0,32,0,1,25
"842",2,0,37,0,1,27
"843",6,0,46,0,0,35
"844",4,1,57,0,1,8
"845",5,1,26,1,1,4
"846",5,0,48,0,0,25
"847",2,1,52,0,1,40
"848",4,1,48,1,1,4
"849",8,0,23,0,0,22
"850",3,0,53,0,1,8
"851",6,1,44,1,0,34
"852",7,0,41,0,0,22
"853",5,1,27,1,1,32
"854",3,1,26,1,1,30
"855",3,0,40,1,0,10
"856",6,1,39,0,1,15
"857",4,0,55,0,0,39
"858",3,0,42,0,1,16
"859",3,1,60,0,1,20
"860",5,1,41,1,0,29
"861",6,1,47,1,1,17
"862",5,1,53,1,0,28
"863",4,1,60,1,1,46
"864",4,1,31,1,1,18
"865",8,0,32,0,0,8
"866",6,0,42,0,0,1
"867",4,1,34,1,1,7
"868",7,0,41,0,0,26
"869",5,0,59,0,0,50
"870",6,0,28,0,0,7
"871",5,1,58,0,1,28
"872",5,0,50,0,0,42
"873",6,0,38,0,0,22
"874",8,0,29,0,0,23
"875",4,1,59,0,1,44
"876",5,1,53,1,0,42
"877",2,1,45,1,1,4
"878",3,0,27,1,0,23
"879",2,0,44,1,0,10
"880",3,0,31,0,1,24
"881",6,0,32,0,0,16
"882",7,0,31,0,0,29
"883",3,0,35,1,0,27
"884",4,0,37,1,0,13
"885",7,0,48,0,0,35
"886",2,0,22,0,1,5
"887",4,1,25,1,1,15
"888",3,1,60,1,1,18
"889",5,1,44,1,1,7
"890",4,1,53,0,1,27
"891",2,1,37,1,1,33
"892",3,0,41,0,1,15
"893",5,1,25,1,1,10
"894",2,0,30,1,0,14
"895",2,0,37,1,0,7
"896",4,1,52,1,0,21
"897",4,1,31,1,1,16
"898",3,1,54,1,1,44
"899",3,0,38,1,0,19
"900",3,0,34,1,0,18
"901",6,0,46,0,0,41
"902",4,1,46,0,1,42
"903",3,1,46,1,0,30
"904",8,0,31,0,0,4
"905",6,1,50,1,0,17
"906",2,0,30,0,1,32
"907",4,1,25,1,1,4
"908",2,1,47,1,1,13
"909",5,1,59,1,0,10
"910",2,1,39,1,1,40
"911",7,0,56,0,0,25
"912",9,0,22,0,0,16
"913",2,0,42,0,1,37
"914",3,0,35,0,1,28
"915",5,1,51,1,1,6
"916",6,1,22,1,1,15
"917",4,1,44,1,1,6
"918",5,1,40,1,0,39
"919",6,0,48,0,0,7
"920",3,0,28,1,0,19
"921",6,1,35,1,1,19
"922",3,1,53,1,1,29
"923",2,0,35,1,0,25
"924",4,1,49,1,1,26
"925",5,0,41,0,1,7
"926",2,0,22,1,0,25
"927",1,0,28,1,0,22
"928",5,0,49,0,0,6
"929",2,0,45,1,0,9
"930",4,1,47,1,1,10
"931",6,1,51,0,1,19
"932",4,1,58,1,0,47
"933",5,0,45,0,0,37
"934",4,1,49,1,1,26
"935",2,0,49,1,0,5
"936",6,0,59,0,0,42
"937",5,1,44,1,0,41
"938",4,0,50,1,0,6
"939",4,1,36,1,1,37
"940",3,0,31,0,1,19
"941",5,0,56,0,0,9
"942",3,1,46,1,1,34
"943",6,0,30,0,0,33
"944",2,0,35,0,1,15
"945",7,0,40,0,0,4
"946",2,0,47,0,1,14
"947",6,0,37,0,0,21
"948",2,0,52,0,1,8
"949",3,0,34,0,1,0
"950",3,1,24,1,1,22
"951",3,0,32,1,0,25
"952",3,1,39,1,1,5
"953",5,1,36,1,0,26
"954",3,1,24,1,1,12
"955",5,1,40,0,1,29
"956",6,1,57,1,0,39
"957",3,1,36,1,1,38
"958",5,1,34,1,1,3
"959",2,0,32,1,0,12
"960",4,0,29,1,0,4
"961",1,0,26,0,1,21
"962",2,0,50,0,1,12
"963",1,0,50,0,1,10
"964",6,1,54,0,1,36
"965",5,1,48,1,0,26
"966",4,1,43,0,1,34
"967",5,0,54,0,0,27
"968",5,0,57,0,0,32
"969",7,0,55,0,0,8
"970",7,0,54,0,0,7
"971",9,0,37,0,0,2
"972",7,0,37,0,0,4
"973",9,0,25,0,0,0
"974",5,1,40,1,0,22
"975",7,1,56,1,0,9
"976",6,1,50,0,1,24
"977",6,0,30,0,0,3
"978",9,0,26,0,0,22
"979",5,0,26,0,0,33
"980",3,0,45,1,0,16
"981",8,0,32,0,0,9
"982",2,0,31,0,1,20
"983",5,1,42,0,1,32
"984",6,1,42,0,1,31
"985",3,0,28,1,0,23
"986",7,0,26,0,0,10
"987",4,0,30,0,1,0
"988",6,1,30,1,1,18
"989",2,1,48,1,1,6
"990",4,0,33,0,1,0
"991",4,1,36,1,1,37
"992",8,0,44,0,0,3
"993",5,0,57,0,0,22
"994",5,1,47,0,1,35
"995",4,1,28,1,1,10
"996",5,0,54,0,0,28
"997",3,0,40,0,1,7
"998",3,0,37,0,1,0
"999",3,1,43,1,1,18
"1000",4,0,38,0,1,19
"1001",6,0,55,0,0,17
"1002",5,0,43,0,0,11
"1003",2,0,39,0,1,7
"1004",4,0,25,1,0,0
"1005",5,0,37,1,0,0
"1006",4,1,60,0,1,50
"1007",3,1,59,1,0,45
"1008",6,0,60,0,0,21
"1009",4,1,58,1,1,42
"1010",2,0,36,1,0,6
"1011",4,0,45,1,0,16
"1012",4,1,54,1,0,16
"1013",8,0,26,0,0,10
"1014",3,0,57,0,0,47
"1015",4,0,31,1,0,27
"1016",6,0,35,0,0,6
"1017",2,0,44,1,0,20
"1018",2,0,44,1,0,18
"1019",4,1,43,1,1,4
"1020",0,0,50,1,0,8
"1021",7,0,32,0,0,18
"1022",5,0,52,0,0,18
"1023",7,0,23,0,0,0
"1024",6,0,25,0,0,19
"1025",6,1,31,1,0,36
"1026",6,0,34,0,0,16
"1027",2,1,58,1,1,32
"1028",3,1,23,1,1,32
"1029",9,0,32,0,0,0
"1030",2,0,26,0,1,0
"1031",2,0,49,0,1,12
"1032",5,1,58,1,0,32
"1033",2,1,28,1,1,17
"1034",2,0,36,1,0,27
"1035",3,1,52,1,0,40
"1036",2,1,35,1,1,20
"1037",3,0,52,1,0,13
"1038",6,1,38,0,1,32
"1039",1,0,31,0,1,27
"1040",6,1,29,1,1,0
"1041",4,0,24,1,0,8
"1042",3,0,27,1,0,25
"1043",3,1,46,1,1,14
"1044",5,1,60,0,1,31
"1045",5,0,34,0,1,21
"1046",2,1,54,1,1,46
"1047",5,0,33,0,0,19
"1048",4,1,60,1,1,31
"1049",4,0,31,1,0,1
"1050",9,0,46,0,0,5
"1051",7,0,22,0,0,0
"1052",2,0,31,1,0,35
"1053",5,0,49,0,0,29
"1054",0,0,58,1,0,9
"1055",6,1,54,0,1,42
"1056",5,0,52,0,0,26
"1057",2,0,29,0,1,0
"1058",3,0,23,1,0,13
"1059",4,1,28,1,1,1
"1060",4,0,60,0,0,29
"1061",4,0,23,0,1,0
"1062",3,1,46,0,1,43
"1063",5,0,51,0,0,22
"1064",4,1,27,1,1,21
"1065",5,0,43,0,0,23
"1066",3,0,59,0,0,35
"1067",2,0,23,0,1,31
"1068",4,0,54,0,0,44
"1069",4,1,26,1,1,9
"1070",4,1,54,1,1,17
"1071",3,0,24,1,0,7
"1072",5,1,27,1,1,0
"1073",5,0,57,0,0,47
"1074",4,1,42,1,1,13
"1075",4,0,41,0,1,19
"1076",4,1,56,1,1,28
"1077",5,1,60,0,1,45
"1078",5,1,53,0,1,41
"1079",5,0,37,0,0,37
"1080",4,0,24,1,0,2
"1081",3,1,38,1,1,34
"1082",5,1,53,0,1,14
"1083",3,0,22,1,0,1
"1084",3,0,39,0,1,24
"1085",6,1,45,0,1,42
"1086",8,0,32,0,0,0
"1087",3,0,23,0,1,18
"1088",3,0,32,0,1,17
"1089",2,0,32,0,1,10
"1090",5,1,54,0,1,24
"1091",5,1,53,1,1,8
"1092",3,1,56,0,1,20
"1093",4,0,23,1,0,0
"1094",6,1,28,1,1,10
"1095",5,1,47,0,1,41
"1096",5,1,41,0,1,34
"1097",3,0,38,0,1,26
"1098",2,0,48,1,0,4
"1099",6,0,28,0,0,23
"1100",4,0,28,0,0,26
"1101",5,1,49,1,0,44
"1102",4,1,45,1,1,11
"1103",4,1,59,0,1,33
"1104",3,1,52,1,1,13
"1105",4,1,23,1,1,17
"1106",5,1,51,0,1,29
"1107",5,0,26,0,0,22
"1108",4,1,58,1,0,27
"1109",2,0,27,0,1,0
"1110",7,0,39,0,0,35
"1111",2,0,50,0,1,9
"1112",3,0,46,1,0,5
"1113",3,1,37,1,1,0
"1114",7,0,32,0,0,13
"1115",3,1,27,1,1,30
"1116",3,1,32,1,1,1
"1117",3,1,33,1,1,10
"1118",7,0,52,0,0,30
"1119",3,0,41,0,1,3
"1120",6,0,43,0,0,28
"1121",3,0,30,0,1,16
"1122",5,1,59,0,1,23
"1123",3,0,24,0,1,31
"1124",3,0,43,0,1,5
"1125",3,0,24,0,1,8
"1126",3,0,41,1,0,1
"1127",5,0,47,0,0,41
"1128",2,1,47,1,1,11
"1129",4,1,53,0,1,38
"1130",4,0,41,0,1,9
"1131",7,0,53,0,0,22
"1132",4,1,32,1,1,35
"1133",7,1,43,0,1,28
"1134",4,0,25,1,0,7
"1135",3,0,48,1,0,18
"1136",7,0,41,0,0,12
"1137",5,0,29,1,0,0
"1138",2,0,34,1,0,32
"1139",4,0,30,0,1,1
"1140",6,0,30,0,0,6
"1141",3,1,43,0,1,32
"1142",2,1,35,1,1,23
"1143",3,1,60,0,1,24
"1144",1,0,42,1,0,15
"1145",3,1,38,0,1,34
"1146",1,0,32,1,0,33
"1147",4,1,24,1,1,20
"1148",4,1,36,1,1,11
"1149",3,0,46,0,1,19
"1150",3,1,55,1,1,40
"1151",3,0,37,1,0,13
"1152",2,0,34,1,0,29
"1153",2,0,45,1,0,5
"1154",3,0,27,0,1,31
"1155",4,1,56,1,0,40
"1156",5,0,48,0,0,19
"1157",4,1,37,0,1,35
"1158",6,1,43,1,0,23
"1159",4,1,39,1,1,26
"1160",3,0,23,0,1,15
"1161",4,1,57,0,1,38
"1162",6,1,44,0,1,37
"1163",4,1,44,1,1,3
"1164",7,0,37,0,0,1
"1165",5,1,52,1,1,25
"1166",5,1,54,0,1,26
"1167",3,0,47,1,0,4
"1168",5,1,51,0,1,21
"1169",3,0,25,0,1,19
"1170",2,1,31,1,1,30
"1171",5,1,48,1,0,43
"1172",4,0,28,1,0,0
"1173",5,1,31,0,1,27
"1174",6,0,36,0,0,28
"1175",5,0,54,0,0,34
"1176",4,1,60,1,1,38
"1177",4,0,59,0,0,40
"1178",3,0,57,0,0,45
"1179",3,1,34,1,1,19
"1180",6,0,42,0,0,41
"1181",5,1,53,1,0,21
"1182",6,1,58,1,0,33
"1183",7,0,27,0,0,4
"1184",6,0,47,0,0,41
"1185",5,1,41,0,1,35
"1186",8,0,44,0,0,8
"1187",3,0,36,1,0,23
"1188",5,1,32,1,1,0
"1189",3,0,24,0,1,20
"1190",1,0,46,0,1,10
"1191",5,1,42,0,1,41
"1192",3,1,55,0,1,41
"1193",4,0,60,0,0,26
"1194",2,1,26,1,1,32
"1195",6,0,25,0,0,13
"1196",2,0,23,0,1,30
"1197",2,0,46,1,0,20
"1198",4,0,52,0,0,41
"1199",5,1,60,1,0,29
"1200",2,0,29,0,1,25
"1201",1,1,54,1,1,47
"1202",8,0,36,0,0,8
"1203",4,1,29,1,1,27
"1204",4,0,49,0,0,42
"1205",4,1,37,1,1,0
"1206",3,1,45,1,1,28
"1207",2,0,36,0,1,29
"1208",7,1,43,0,1,11
"1209",6,0,26,0,0,19
"1210",3,0,23,0,1,20
"1211",7,0,49,0,0,37
"1212",3,1,60,1,1,43
"1213",0,0,47,0,1,26
"1214",2,0,48,0,1,18
"1215",3,0,36,0,1,7
"1216",3,0,56,0,0,32
"1217",1,0,39,0,1,2
"1218",5,1,51,1,0,42
"1219",3,1,25,1,1,29
"1220",1,1,42,1,1,34
"1221",4,0,44,1,0,21
"1222",4,1,38,1,1,8
"1223",7,0,37,0,0,6
"1224",6,0,59,0,0,17
"1225",4,1,36,1,1,3
"1226",7,0,27,0,0,25
"1227",3,0,36,0,1,8
"1228",4,1,45,1,1,5
"1229",5,1,40,1,0,24
"1230",8,0,48,0,0,19
"1231",1,0,32,1,0,12
"1232",5,1,24,1,1,0
"1233",3,1,51,1,1,35
"1234",4,1,36,1,0,32
"1235",4,0,25,0,0,32
"1236",6,1,33,0,1,33
"1237",6,0,30,0,0,16
"1238",3,0,40,1,0,6
"1239",5,1,42,1,0,27
"1240",4,1,55,1,1,17
"1241",6,0,47,0,0,20
"1242",5,1,35,1,1,7
"1243",4,1,54,1,0,33
"1244",4,1,31,1,1,7
"1245",4,1,59,1,0,26
"1246",5,0,23,0,0,0
"1247",5,0,25,0,1,0
"1248",8,0,29,0,0,0
"1249",7,0,45,0,0,16
"1250",5,1,24,1,1,13
"1251",7,0,39,0,0,14
"1252",3,1,32,1,1,16
"1253",3,1,51,0,1,44
"1254",5,0,39,0,0,26
"1255",8,0,25,0,0,0
"1256",3,1,37,1,1,20
"1257",6,0,34,0,0,1
"1258",3,0,41,1,0,17
"1259",3,1,54,1,1,13
"1260",5,1,37,1,1,3
"1261",4,1,55,0,1,9
"1262",6,1,47,1,0,36
"1263",4,0,25,1,0,10
"1264",4,1,43,0,1,41
"1265",3,0,50,1,0,6
"1266",6,0,35,0,0,17
"1267",1,0,59,1,0,16
"1268",3,0,42,0,1,15
"1269",7,0,39,0,0,9
"1270",4,1,46,1,1,36
"1271",4,1,55,1,0,31
"1272",4,0,53,0,0,45
"1273",4,0,46,0,0,40
"1274",2,0,26,0,1,16
"1275",8,0,26,0,0,19
"1276",0,0,46,0,1,19
"1277",3,0,31,0,1,0
"1278",4,0,55,0,0,40
"1279",3,1,42,1,0,34
"1280",4,0,50,0,1,8
"1281",4,0,45,1,0,17
"1282",4,1,55,1,1,25
"1283",5,1,49,0,1,21
"1284",2,0,53,0,1,9
"1285",4,0,40,0,1,2
"1286",3,0,45,1,0,13
"1287",4,1,30,1,1,0
"1288",5,1,55,0,1,30
"1289",3,0,29,1,0,33
"1290",2,0,27,0,1,29
"1291",2,1,57,1,1,44
"1292",6,1,48,1,1,19
"1293",6,0,30,0,0,27
"1294",3,0,28,0,1,12
"1295",6,1,55,1,0,24
"1296",6,1,32,1,0,35
"1297",2,1,60,1,1,22
"1298",4,1,26,1,1,3
"1299",7,0,24,0,0,5
"1300",7,0,32,0,0,5
"1301",7,0,23,0,0,8
"1302",3,1,28,1,1,2
"1303",2,1,38,1,1,26
"1304",5,1,45,1,1,23
"1305",6,0,51,0,0,46
"1306",4,1,35,1,1,0
"1307",4,1,56,1,1,9
"1308",4,0,25,0,1,6
"1309",4,1,24,1,1,8
"1310",5,1,56,1,0,20
"1311",5,0,52,0,0,22
"1312",2,0,44,1,0,4
"1313",5,1,56,1,0,46
"1314",4,1,47,1,1,43
"1315",3,0,46,0,1,17
"1316",2,0,56,0,0,47
"1317",5,0,38,0,0,39
"1318",2,0,47,1,0,15
"1319",9,0,29,0,0,3
"1320",4,0,32,0,1,11
"1321",3,1,53,1,1,18
"1322",5,1,43,1,0,17
"1323",3,0,24,0,1,21
"1324",5,1,40,0,1,40
"1325",2,0,37,1,0,5
"1326",3,1,59,1,1,46
"1327",7,0,40,0,0,0
"1328",6,1,58,0,1,29
"1329",4,1,30,1,1,35
"1330",2,1,34,1,1,0
"1331",2,0,29,0,1,29
"1332",1,1,33,1,1,25
"1333",4,1,49,0,1,39
"1334",5,1,30,1,1,23
"1335",3,1,30,1,1,25
"1336",4,1,43,1,1,33
"1337",5,1,50,1,1,42
"1338",3,1,36,1,1,6
"1339",3,0,26,0,1,19
"1340",4,1,38,1,1,23
"1341",5,0,42,0,1,19
"1342",6,0,41,0,0,23
"1343",6,0,30,0,0,34
"1344",4,1,47,1,1,24
"1345",3,1,53,0,1,45
"1346",4,1,37,1,1,18
"1347",5,1,28,1,1,7
"1348",5,0,34,0,0,32
"1349",5,0,47,0,0,22
"1350",2,0,44,0,1,3
"1351",4,1,56,1,0,23
"1352",7,0,23,0,0,12
"1353",4,0,55,0,0,48
"1354",3,0,43,1,0,20
"1355",5,1,28,1,1,8
"1356",2,0,52,1,0,15
"1357",4,1,23,1,1,0
"1358",4,1,25,1,1,1
"1359",1,0,49,1,0,4
"1360",0,0,31,0,1,29
"1361",4,1,58,1,0,29
"1362",3,0,25,1,0,12
"1363",2,0,25,1,0,24
"1364",3,0,29,1,0,23
"1365",2,0,34,0,1,19
"1366",3,0,43,1,0,17
"1367",4,0,23,0,1,16
"1368",5,0,52,0,0,36
"1369",3,1,58,0,1,14
"1370",5,1,34,1,0,35
"1371",5,1,33,1,1,9
"1372",4,1,39,1,0,20
"1373",3,1,33,1,1,27
"1374",6,1,46,1,0,29
"1375",2,1,53,1,1,32
"1376",6,0,33,0,0,36
"1377",3,0,35,1,0,17
"1378",1,0,52,0,1,13
"1379",5,1,47,0,1,13
"1380",4,0,33,0,1,14
"1381",4,1,51,0,1,8
"1382",6,1,53,1,0,16
"1383",1,0,35,0,1,36
"1384",5,0,32,1,0,6
"1385",2,1,33,1,1,30
"1386",3,1,45,0,1,39
"1387",6,0,37,0,0,16
"1388",3,0,35,1,0,0
"1389",4,0,32,1,0,28
"1390",4,1,36,1,1,18
"1391",5,0,52,0,0,9
"1392",1,0,49,0,1,4
"1393",2,0,60,1,0,10
"1394",3,0,23,0,1,15
"1395",3,0,37,0,1,11
"1396",7,0,39,0,0,7
"1397",5,0,55,0,0,47
"1398",4,0,33,0,1,7
"1399",6,1,26,1,0,33
"1400",6,0,22,0,0,10
"1401",4,0,33,1,0,31
"1402",4,1,52,0,1,14
"1403",6,0,24,0,0,22
"1404",3,1,36,1,1,6
"1405",3,1,40,1,1,38
"1406",5,0,33,1,0,6
"1407",2,0,33,1,0,22
"1408",4,0,30,0,1,8
"1409",5,1,47,1,0,39
"1410",2,0,28,0,1,27
"1411",5,1,49,1,0,23
"1412",7,0,36,0,0,11
"1413",7,0,42,0,0,19
"1414",4,1,58,1,0,12
"1415",3,0,56,0,0,46
"1416",5,0,27,0,0,27
"1417",6,0,27,0,0,15
"1418",6,0,56,0,0,10
"1419",2,0,34,1,0,32
"1420",3,0,32,0,1,0
"1421",2,0,41,1,0,10
"1422",6,0,39,0,0,14
"1423",6,0,36,0,0,14
"1424",3,1,35,1,1,0
"1425",3,0,33,0,1,5
"1426",6,1,37,0,1,31
"1427",2,0,24,0,1,8
"1428",4,0,50,0,1,11
"1429",4,1,46,1,1,30
"1430",6,0,45,0,0,6
"1431",5,0,52,0,0,21
"1432",5,1,60,1,0,27
"1433",5,1,53,1,0,24
"1434",2,0,30,0,1,0
"1435",5,1,39,1,1,19
"1436",3,1,60,1,1,46
"1437",3,0,33,1,0,0
"1438",3,0,25,0,1,0
"1439",5,0,30,0,0,27
"1440",4,1,42,1,1,24
"1441",5,1,56,1,0,23
"1442",4,1,24,1,1,24
"1443",5,1,56,0,1,23
"1444",2,0,43,1,0,18
"1445",7,0,26,0,0,32
"1446",7,0,23,0,0,13
"1447",4,0,25,1,0,0
"1448",5,1,59,0,1,33
"1449",2,0,32,0,1,20
"1450",2,0,29,1,0,18
"1451",3,1,49,1,1,37
"1452",7,0,42,0,0,27
"1453",8,0,23,0,0,10
"1454",2,0,41,1,0,22
"1455",5,1,52,0,1,18
"1456",5,1,56,1,0,21
"1457",3,1,50,1,1,36
"1458",5,1,55,1,0,39
"1459",5,1,28,1,1,11
"1460",2,1,51,1,1,45
"1461",4,0,32,0,0,32
"1462",4,1,58,0,1,39
"1463",4,1,28,1,1,26
"1464",6,0,34,0,0,12
"1465",6,0,58,0,0,16
"1466",3,0,48,0,1,4
"1467",4,1,40,1,1,25
"1468",3,0,32,0,1,22
"1469",5,0,36,0,0,20
"1470",7,0,26,0,0,20
"1471",4,1,58,0,1,22
"1472",6,0,59,0,0,47
"1473",1,1,49,1,1,16
"1474",6,0,50,0,0,22
"1475",4,0,39,1,0,14
"1476",6,0,40,0,0,6
"1477",5,1,42,1,0,22
"1478",2,0,45,1,0,12
"1479",3,1,28,1,1,20
"1480",3,0,26,0,1,14
"1481",2,0,25,1,0,26
"1482",4,1,52,0,1,31
"1483",4,1,39,1,0,34
"1484",3,0,37,1,0,13
"1485",3,1,44,1,1,21
"1486",1,0,49,0,1,8
"1487",3,0,41,0,1,4
"1488",4,1,50,1,0,25
"1489",7,0,35,0,0,0
"1490",4,1,46,0,1,40
"1491",3,0,52,0,0,39
"1492",5,1,60,0,1,45
"1493",6,0,38,0,0,20
"1494",3,1,41,1,1,38
"1495",6,0,27,1,0,34
"1496",4,0,32,1,0,6
"1497",5,1,41,1,0,27
"1498",3,0,40,1,0,3
"1499",9,0,25,0,0,26
"1500",4,1,53,1,1,43
"1501",4,0,30,0,1,0
"1502",4,0,45,0,0,19
"1503",3,0,28,0,1,20
"1504",4,1,30,1,1,11
"1505",6,0,35,0,0,23
"1506",6,0,45,0,0,34
"1507",1,1,49,1,1,40
"1508",7,1,55,1,0,19
"1509",4,1,50,0,1,44
"1510",3,0,33,1,0,11
"1511",6,1,26,1,1,0
"1512",3,1,54,1,1,46
"1513",3,1,45,1,0,39
"1514",3,0,28,1,0,5
"1515",7,0,40,0,0,4
"1516",7,0,55,0,0,18
"1517",6,0,51,0,0,43
"1518",4,1,36,1,1,38
"1519",7,0,48,0,0,37
"1520",6,1,45,1,0,21
"1521",3,0,31,1,0,0
"1522",3,0,22,0,1,27
"1523",2,0,41,0,1,13
"1524",6,1,36,0,1,28
"1525",7,0,45,0,0,28
"1526",5,1,58,1,0,29
"1527",1,0,24,1,0,27
"1528",7,0,39,0,0,6
"1529",3,0,51,0,0,37
"1530",2,1,44,1,1,23
"1531",4,1,49,1,0,35
"1532",5,1,52,0,1,25
"1533",4,1,57,1,1,13
"1534",3,1,48,1,1,40
"1535",3,0,24,0,1,30
"1536",7,0,26,0,0,20
"1537",10,0,28,0,0,0
"1538",2,0,38,1,0,21
"1539",5,1,55,1,1,19
"1540",7,0,37,0,0,10
"1541",4,0,35,1,0,12
"1542",5,0,24,0,0,24
"1543",3,0,45,1,0,24
"1544",8,0,22,0,0,0
"1545",4,1,22,1,1,0
"1546",7,0,53,0,0,22
"1547",9,0,26,0,0,0
"1548",6,1,55,0,1,19
"1549",7,0,35,0,0,19
"1550",0,0,31,1,0,14
"1551",1,0,37,0,1,10
"1552",4,1,45,1,1,21
"1553",6,0,37,0,0,26
"1554",3,0,49,0,1,22
"1555",3,1,40,1,1,32
"1556",1,0,37,1,0,9
"1557",5,0,57,0,0,48
"1558",5,0,51,0,0,11
"1559",4,1,26,1,1,0
"1560",4,1,53,1,1,14
"1561",5,1,38,1,0,23
"1562",6,0,47,0,0,44
"1563",6,0,26,0,0,33
"1564",5,1,23,1,1,0
"1565",8,0,32,0,0,27
"1566",7,0,42,0,0,33
"1567",6,0,60,0,0,10
"1568",4,0,57,0,0,43
"1569",4,1,28,1,1,34
"1570",4,0,55,0,0,41
"1571",4,1,38,1,0,38
"1572",5,1,44,1,1,7
"1573",5,1,49,1,0,28
"1574",6,0,30,0,0,33
"1575",6,1,42,0,1,13
"1576",3,1,45,1,1,40
"1577",6,0,31,0,0,7
"1578",2,0,33,1,0,18
"1579",6,0,53,0,0,38
"1580",3,0,23,1,0,13
"1581",4,0,55,0,0,40
"1582",2,1,54,1,1,21
"1583",1,1,46,1,1,42
"1584",6,1,35,0,1,25
"1585",7,0,34,0,0,19
"1586",3,1,40,1,1,24
"1587",2,1,24,1,1,10
"1588",5,1,53,1,0,31
"1589",9,0,28,0,0,5
"1590",2,1,56,1,1,33
"1591",5,1,48,1,0,42
"1592",4,1,34,1,1,8
"1593",6,1,45,0,1,23
"1594",4,1,31,1,1,0
"1595",4,0,34,0,1,37
"1596",4,0,42,1,0,29
"1597",3,1,41,1,1,31
"1598",1,1,48,1,1,25
"1599",7,0,50,0,0,13
"1600",6,0,43,0,0,11
"1601",2,1,55,1,1,42
"1602",6,1,39,0,1,31
"1603",3,0,32,1,0,31
"1604",5,1,51,1,0,9
"1605",7,0,42,0,0,15
"1606",7,1,48,1,0,23
"1607",6,1,49,0,1,18
"1608",2,0,31,1,0,28
"1609",3,1,60,1,1,47
"1610",2,0,35,1,0,1
"1611",8,0,24,0,0,30
"1612",4,1,25,1,1,0
"1613",6,0,60,0,0,42
"1614",4,0,50,0,0,42
"1615",6,0,46,0,0,24
"1616",3,0,31,0,1,7
"1617",5,1,45,0,1,29
"1618",4,1,23,1,1,0
"1619",6,1,32,0,1,34
"1620",2,0,28,0,1,0
"1621",6,0,39,0,0,13
"1622",2,0,28,0,1,4
"1623",5,0,29,0,1,10
"1624",5,1,59,1,1,35
"1625",5,0,52,0,0,37
"1626",4,1,42,1,1,10
"1627",4,1,29,1,1,32
"1628",3,1,53,1,1,12
"1629",4,1,44,1,1,17
"1630",4,1,45,1,1,20
"1631",4,0,25,1,0,18
"1632",3,0,36,1,0,23
"1633",6,0,57,0,0,13
"1634",4,0,24,0,1,27
"1635",5,1,42,1,0,36
"1636",5,1,24,1,1,18
"1637",3,0,27,0,1,9
"1638",3,0,28,0,1,23
"1639",3,1,24,1,1,32
"1640",4,1,58,1,0,41
"1641",2,0,25,1,0,11
"1642",5,1,33,1,1,10
"1643",6,0,36,0,0,32
"1644",2,1,22,1,1,10
"1645",3,1,55,1,1,30
"1646",5,1,56,0,1,45
"1647",3,0,29,1,0,26
"1648",3,1,27,1,1,21
"1649",5,1,23,1,1,0
"1650",3,1,53,1,1,40
"1651",5,0,59,0,0,38
"1652",6,1,60,1,0,31
"1653",5,0,40,0,0,33
"1654",4,0,24,1,0,2
"1655",5,1,54,1,0,11
"1656",3,1,38,1,1,3
"1657",4,1,54,1,1,36
"1658",6,0,45,0,0,37
"1659",4,1,52,1,0,42
"1660",7,1,50,0,1,10
"1661",3,0,34,0,1,13
"1662",4,1,59,0,1,37
"1663",5,1,53,1,0,35
"1664",5,1,47,0,1,20
"1665",8,0,33,0,0,4
"1666",2,0,28,0,1,0
"1667",2,1,48,1,1,12
"1668",5,1,60,0,1,20
"1669",3,0,25,1,0,4
"1670",3,0,26,1,0,8
"1671",4,0,39,1,0,8
"1672",6,0,44,0,0,26
"1673",3,0,27,1,0,29
"1674",6,0,60,0,0,11
"1675",2,0,48,0,1,14
"1676",5,1,59,0,1,39
"1677",2,0,27,1,0,23
"1678",6,0,44,0,0,4
"1679",2,0,27,1,0,27
"1680",2,0,51,1,0,12
"1681",3,0,39,0,1,19
"1682",3,1,47,1,1,40
"1683",5,1,49,1,0,29
"1684",5,1,42,1,1,18
"1685",4,1,34,1,1,25
"1686",6,1,56,1,0,12
"1687",6,0,23,0,0,30
"1688",2,0,25,0,1,26
"1689",7,0,23,0,0,13
"1690",1,0,45,1,0,23
"1691",4,1,47,1,0,39
"1692",6,0,46,0,0,17
"1693",0,0,42,0,1,20
"1694",6,1,60,0,1,24
"1695",5,0,30,1,0,14
"1696",6,1,57,0,1,33
"1697",7,0,38,0,0,0
"1698",5,0,58,0,0,23
"1699",1,0,30,0,1,16
"1700",6,1,60,0,1,46
"1701",5,0,40,0,0,25
"1702",4,0,41,1,0,9
"1703",3,0,34,1,0,34
"1704",2,0,34,1,0,3
"1705",3,0,38,0,1,0
"1706",7,0,42,0,0,31
"1707",4,0,25,0,1,0
"1708",5,1,49,1,1,12
"1709",5,1,43,1,0,15
"1710",1,0,41,0,1,23
"1711",3,0,24,0,1,22
"1712",2,0,34,0,1,25
"1713",8,0,38,0,0,9
"1714",3,1,58,1,1,11
"1715",6,1,46,1,0,34
"1716",4,1,35,1,1,18
"1717",6,1,51,0,1,27
"1718",4,1,40,0,1,40
"1719",3,1,47,1,1,33
"1720",2,0,33,1,0,20
"1721",2,0,38,0,1,11
"1722",7,0,25,0,0,24
"1723",1,0,40,0,1,24
"1724",1,0,55,1,0,10
"1725",5,0,23,0,0,24
"1726",1,0,32,1,0,22
"1727",4,0,37,0,0,17
"1728",4,1,59,1,0,35
"1729",3,1,49,1,1,22
"1730",3,1,49,1,0,26
"1731",1,0,47,0,1,22
"1732",2,0,52,0,1,15
"1733",4,1,55,1,1,10
"1734",6,1,33,1,1,19
"1735",6,1,57,0,1,9
"1736",5,1,22,1,1,0
"1737",0,0,47,0,1,19
"1738",0,0,43,0,1,14
"1739",7,1,35,0,1,29
"1740",5,0,31,0,0,19
"1741",5,1,37,1,1,5
"1742",5,1,56,1,0,16
"1743",5,1,29,1,1,34
"1744",6,1,44,1,0,35
"1745",3,0,42,1,0,9
"1746",2,1,49,1,1,40
"1747",4,1,47,1,0,39
"1748",6,0,45,0,0,22
"1749",7,0,34,0,0,28
"1750",3,1,28,1,1,29
"1751",3,0,27,1,0,22
"1752",6,1,45,1,0,40
"1753",2,1,59,1,1,45
"1754",3,1,39,1,1,3
"1755",6,0,31,0,0,24
"1756",6,1,56,0,1,32
"1757",3,1,54,0,1,38
"1758",7,0,38,0,0,20
"1759",6,0,23,0,0,5
"1760",5,1,56,1,0,46
"1761",8,0,30,0,0,0
"1762",8,0,49,0,0,5
"1763",3,1,52,1,1,17
"1764",6,1,59,0,1,17
"1765",4,1,43,1,1,26
"1766",2,0,34,0,1,3
"1767",6,0,47,0,0,13
"1768",3,1,27,1,1,23
"1769",4,0,60,0,0,13
"1770",3,1,43,1,1,6
"1771",1,1,53,1,1,26
"1772",3,0,41,1,0,7
"1773",3,1,22,1,1,0
"1774",7,0,40,0,0,35
"1775",5,0,60,0,0,20
"1776",5,1,49,1,0,42
"1777",4,1,53,1,0,26
"1778",2,0,34,0,1,15
"1779",4,1,57,0,1,25
"1780",2,0,28,1,0,5
"1781",5,0,54,0,0,40
"1782",5,1,50,1,0,35
"1783",4,0,35,0,0,34
"1784",6,0,50,0,0,23
"1785",3,0,26,0,1,12
"1786",6,1,58,0,1,21
"1787",6,0,58,0,0,25
"1788",6,1,51,1,0,14
"1789",3,1,53,1,1,31
"1790",4,1,44,1,1,36
"1791",2,0,43,0,1,26
"1792",4,1,22,1,1,24
"1793",3,1,40,1,1,31
"1794",2,1,58,1,1,14
"1795",7,0,44,0,0,18
"1796",6,1,59,1,0,17
"1797",3,0,45,1,0,20
"1798",2,0,37,1,0,5
"1799",5,0,31,0,0,17
"1800",4,1,60,0,1,40
"1801",5,0,22,1,0,8
"1802",5,0,54,0,0,20
"1803",2,1,51,1,1,13
"1804",2,0,38,1,0,23
"1805",5,0,26,0,0,33
"1806",5,1,33,0,1,35
"1807",7,1,39,0,1,29
"1808",6,1,35,1,1,0
"1809",4,0,53,1,0,10
"1810",2,1,59,1,1,21
"1811",2,1,40,1,1,40
"1812",3,1,26,1,1,0
"1813",4,1,60,1,0,21
"1814",4,1,23,1,1,10
"1815",2,0,23,0,1,19
"1816",2,0,40,0,1,10
"1817",4,1,55,1,1,10
"1818",8,0,33,0,0,13
"1819",5,1,43,0,1,42
"1820",7,0,49,0,0,5
"1821",6,0,46,0,0,14
"1822",5,1,60,1,0,17
"1823",8,0,30,0,0,0
"1824",2,0,28,0,1,25
"1825",4,1,54,1,1,45
"1826",0,0,44,0,1,11
"1827",4,0,39,0,1,6
"1828",6,0,28,0,0,21
"1829",4,1,25,1,1,6
"1830",8,0,29,0,0,0
"1831",0,0,31,0,1,19
"1832",7,0,48,0,0,36
"1833",5,1,50,1,0,31
"1834",4,1,48,1,1,9
"1835",4,1,55,0,1,44
"1836",3,0,42,1,0,30
"1837",2,0,29,0,1,3
"1838",2,0,40,1,0,10
"1839",4,1,34,1,1,17
"1840",4,0,54,0,0,39
"1841",6,1,43,1,1,26
"1842",3,1,37,1,1,4
"1843",2,1,31,1,1,36
"1844",2,0,33,1,0,24
"1845",4,1,58,1,1,46
"1846",7,0,23,0,0,3
"1847",8,0,26,0,0,0
"1848",5,1,60,0,1,24
"1849",3,0,44,0,1,11
"1850",6,1,60,1,0,10
"1851",4,0,47,1,0,4
"1852",3,0,46,1,0,21
"1853",6,0,53,0,0,45
"1854",5,1,59,0,1,32
"1855",5,1,52,0,1,27
"1856",4,0,38,0,0,26
"1857",2,1,48,1,1,42
"1858",3,0,24,1,0,0
"1859",5,0,38,0,1,24
"1860",2,1,50,1,1,11
"1861",5,1,55,0,1,19
"1862",2,1,55,1,1,34
"1863",2,1,22,1,1,22
"1864",5,0,38,0,0,33
"1865",8,0,25,0,0,10
"1866",3,0,23,0,1,0
"1867",5,0,51,0,0,18
"1868",5,0,33,0,0,0
"1869",2,0,43,1,0,21
"1870",8,0,40,0,0,18
"1871",2,0,33,0,1,18
"1872",4,1,39,1,1,36
"1873",4,0,38,1,0,15
"1874",2,1,26,1,1,27
"1875",5,0,26,0,0,14
"1876",3,0,29,1,0,11
"1877",3,1,42,1,1,37
"1878",3,0,38,1,0,15
"1879",5,1,59,1,0,34
"1880",3,0,30,1,0,12
"1881",4,0,49,0,0,31
"1882",3,1,27,1,1,0
"1883",7,0,43,0,0,3
"1884",5,1,57,0,1,45
"1885",4,0,56,0,0,31
"1886",7,0,51,0,0,9
"1887",5,1,34,1,1,19
"1888",5,1,47,1,0,43
"1889",4,1,23,1,1,13
"1890",8,0,30,0,0,23
"1891",3,1,33,1,1,22
"1892",7,0,44,0,0,24
"1893",6,1,46,0,1,35
"1894",4,1,55,0,1,24
"1895",4,1,50,1,1,36
"1896",7,0,50,0,0,42
"1897",1,0,41,0,1,8
"1898",5,1,49,0,1,28
"1899",4,0,27,0,1,0
"1900",3,1,33,1,1,11
"1901",2,1,53,1,1,41
"1902",7,0,35,0,0,1
"1903",4,0,46,0,1,23
"1904",6,1,50,1,0,28
"1905",2,1,48,1,1,33
"1906",2,0,43,1,0,14
"1907",2,0,29,1,0,26
"1908",1,0,41,0,1,36
"1909",4,0,33,1,0,22
"1910",5,1,59,1,0,27
"1911",6,0,53,0,0,16
"1912",5,1,54,0,1,40
"1913",5,1,49,0,1,25
"1914",2,0,40,1,0,15
"1915",2,0,25,1,0,9
"1916",4,0,46,0,0,21
"1917",5,1,49,1,0,39
"1918",2,1,48,1,1,18
"1919",9,0,30,0,0,0
"1920",3,1,60,1,0,35
"1921",2,0,34,1,0,16
"1922",7,1,47,0,1,29
"1923",3,0,44,1,0,6
"1924",6,0,32,0,0,7
"1925",5,1,41,1,1,15
"1926",5,0,41,0,0,9
"1927",3,0,29,1,0,29
"1928",5,1,47,1,0,20
"1929",7,0,29,0,0,21
"1930",8,0,33,0,0,0
"1931",3,1,54,1,1,15
"1932",5,1,27,1,1,27
"1933",5,0,45,0,0,16
"1934",2,0,44,1,0,9
"1935",2,0,51,1,0,6
"1936",5,1,27,1,1,29
"1937",5,1,60,0,1,20
"1938",4,0,32,0,1,20
"1939",3,1,41,1,1,27
"1940",6,0,50,0,0,15
"1941",4,1,31,1,1,26
"1942",7,1,55,0,1,36
"1943",5,1,35,0,1,28
"1944",3,1,30,1,1,22
"1945",1,0,35,0,1,7
"1946",2,0,31,0,1,2
"1947",6,1,57,1,0,23
"1948",5,0,60,0,0,11
"1949",5,0,47,0,0,19
"1950",1,0,36,0,1,16
"1951",3,0,24,0,1,16
"1952",4,1,58,1,0,28
"1953",5,1,24,1,1,0
"1954",3,1,42,1,1,10
"1955",4,1,53,1,1,28
"1956",4,1,59,1,1,31
"1957",6,0,37,0,0,0
"1958",3,1,46,1,1,26
"1959",3,1,54,1,1,44
"1960",5,1,50,1,0,24
"1961",2,0,42,1,0,8
"1962",5,0,47,0,0,36
"1963",3,0,29,1,0,27
"1964",4,0,25,0,1,28
"1965",6,0,35,0,0,32
"1966",6,0,40,0,0,6
"1967",4,1,53,1,0,27
"1968",4,0,37,0,1,4
"1969",3,0,26,1,0,13
"1970",3,1,47,1,1,9
"1971",3,1,49,1,1,17
"1972",4,1,35,1,1,15
"1973",2,1,49,1,1,26
"1974",7,0,34,0,0,0
"1975",6,0,47,0,0,10
"1976",3,0,44,0,0,35
"1977",2,0,46,0,1,11
"1978",5,0,53,0,0,14
"1979",9,0,30,0,0,0
"1980",3,0,47,1,0,6
"1981",4,0,27,1,0,6
"1982",7,0,40,0,0,7
"1983",4,1,34,1,1,5
"1984",4,1,45,1,1,6
"1985",6,0,47,0,0,38
"1986",4,0,26,1,0,22
"1987",6,0,55,0,0,30
"1988",5,1,35,0,1,25
"1989",4,0,55,0,0,20
"1990",2,0,52,1,0,15
"1991",3,1,31,1,1,9
"1992",3,1,37,1,1,28
"1993",6,0,60,0,0,14
"1994",5,0,51,0,0,12
"1995",3,0,33,0,1,5
"1996",3,0,29,0,1,0
"1997",3,0,41,1,0,6
"1998",6,0,36,0,0,31
"1999",4,0,46,0,0,37
"2000",4,1,57,1,1,31
"2001",3,1,28,1,1,30
"2002",3,1,22,1,1,11
"2003",4,0,57,0,0,30
"2004",5,0,40,0,0,9
"2005",6,0,55,0,0,42
"2006",4,0,33,1,0,3
"2007",7,0,24,0,1,0
"2008",3,1,37,1,1,36
"2009",6,1,50,1,0,23
"2010",3,0,41,1,0,8
"2011",3,0,42,1,0,14
"2012",4,0,29,1,0,4
"2013",8,0,28,0,0,0
"2014",5,1,29,1,1,1
"2015",4,1,56,1,1,10
"2016",3,0,57,1,0,10
"2017",7,0,27,0,0,24
"2018",8,0,56,0,0,33
"2019",5,1,50,0,1,24
"2020",6,0,37,0,0,0
"2021",4,0,40,0,1,20
"2022",4,0,31,1,0,26
"2023",4,0,30,0,1,2
"2024",7,0,38,0,0,15
"2025",6,0,39,0,0,5
"2026",4,0,44,1,0,28
"2027",1,0,41,0,1,17
"2028",5,0,31,1,0,24
"2029",3,1,43,1,0,36
"2030",5,1,45,1,1,6
"2031",3,0,29,0,1,27
"2032",4,0,56,0,0,40
"2033",1,1,23,1,1,16
"2034",4,1,47,1,1,32
"2035",2,1,48,1,0,44
"2036",2,0,39,0,1,14
"2037",3,0,26,0,1,9
"2038",5,1,56,0,1,35
"2039",4,0,33,1,0,0
"2040",5,1,25,1,1,0
"2041",2,0,50,1,0,7
"2042",2,0,38,1,0,12
"2043",5,0,54,0,0,19
"2044",5,1,52,0,1,16
"2045",8,0,27,0,0,16
"2046",5,1,29,1,0,34
"2047",5,0,56,0,0,46
"2048",5,1,23,1,1,23
"2049",3,0,30,0,1,9
"2050",4,0,23,1,0,17
"2051",6,0,27,1,0,8
"2052",2,0,38,1,0,20
"2053",9,0,28,0,0,22
"2054",4,1,37,1,1,4
"2055",5,0,32,0,0,19
"2056",2,1,35,1,1,23
"2057",6,0,58,0,0,46
"2058",7,0,36,0,0,21
"2059",5,1,59,0,1,43
"2060",2,0,32,0,1,3
"2061",2,0,34,0,1,28
"2062",4,0,50,0,0,22
"2063",4,1,45,0,1,39
"2064",6,1,51,1,0,24
"2065",4,1,50,1,0,28
"2066",1,0,29,0,1,25
"2067",3,1,28,1,1,8
"2068",7,0,31,0,0,8
"2069",5,0,44,0,1,8
"2070",3,1,53,1,1,39
"2071",3,1,50,1,1,27
"2072",5,0,38,0,0,36
"2073",8,0,23,0,0,18
"2074",3,0,36,1,0,8
"2075",8,0,39,0,0,9
"2076",4,0,47,0,1,7
"2077",2,0,25,1,0,0
"2078",4,1,42,0,1,34
"2079",5,0,50,0,0,43
"2080",6,0,35,0,0,4
"2081",2,1,33,1,1,23
"2082",5,1,55,1,0,34
"2083",2,0,46,0,1,25
"2084",4,0,25,0,1,25
"2085",4,0,56,0,0,48
"2086",6,0,53,0,0,32
"2087",3,0,35,1,0,25
"2088",3,1,52,1,1,34
"2089",2,1,46,1,1,40
"2090",6,0,41,0,0,40
"2091",5,0,29,0,0,31
"2092",4,1,54,0,1,17
"2093",4,1,42,1,0,30
"2094",7,0,33,0,0,11
"2095",6,1,54,1,1,28
"2096",5,1,45,1,1,8
"2097",7,0,47,0,0,14
"2098",3,1,47,0,1,17
"2099",6,0,50,0,0,6
"2100",2,0,33,1,0,24
"2101",5,0,42,0,0,25
"2102",5,0,55,0,0,19
"2103",5,1,29,0,1,30
"2104",1,0,44,0,1,27
"2105",4,1,59,1,1,32
"2106",2,1,33,1,1,13
"2107",4,0,44,1,0,7
"2108",3,1,39,1,1,35
"2109",2,0,32,1,0,0
"2110",6,1,51,1,0,21
"2111",4,0,28,0,1,33
"2112",3,1,27,1,1,7
"2113",2,0,31,0,1,35
"2114",4,1,46,1,0,33
"2115",1,0,46,1,0,13
"2116",4,0,56,0,0,36
"2117",7,0,22,0,0,6
"2118",4,0,41,1,0,4
"2119",5,1,35,1,1,37
"2120",3,1,55,0,1,35
"2121",4,1,35,0,1,36
"2122",2,0,39,1,0,14
"2123",2,0,31,1,0,13
"2124",4,0,34,0,1,8
"2125",2,0,42,1,0,12
"2126",5,0,48,0,0,26
"2127",6,0,49,0,0,13
"2128",3,0,41,1,0,0
"2129",3,0,40,1,0,19
"2130",4,1,49,0,1,29
"2131",2,0,36,1,0,11
"2132",6,0,34,0,0,28
"2133",5,1,55,1,0,34
"2134",4,1,24,1,1,4
"2135",5,1,41,0,1,25
"2136",3,1,35,1,1,11
"2137",3,1,38,1,1,28
"2138",4,1,51,1,0,44
"2139",5,1,38,0,1,27
"2140",4,0,44,0,0,38
"2141",3,1,57,1,0,41
"2142",4,1,31,1,1,35
"2143",7,0,35,0,0,0
"2144",6,1,49,0,1,28
"2145",3,0,26,0,1,2
"2146",7,0,27,0,0,23
"2147",3,0,46,1,0,12
"2148",2,0,33,0,1,32
"2149",9,0,25,0,0,19
"2150",3,1,59,1,1,31
"2151",9,0,24,0,0,0
"2152",5,0,54,0,0,7
"2153",7,0,46,0,0,23
"2154",6,0,41,0,0,24
"2155",3,0,43,1,0,12
"2156",1,0,40,1,0,0
"2157",7,0,25,0,0,2
"2158",5,1,51,1,1,26
"2159",4,1,32,1,1,0
"2160",4,0,42,0,1,12
"2161",3,0,53,0,1,9
"2162",1,0,46,0,1,9
"2163",3,0,27,0,1,18
"2164",2,0,39,1,0,2
"2165",5,1,48,0,1,31
"2166",5,1,54,0,1,20
"2167",1,0,30,0,1,8
"2168",6,1,39,0,1,38
"2169",6,0,34,0,0,4
"2170",3,0,24,0,1,26
"2171",4,0,23,0,1,11
"2172",6,0,39,0,0,35
"2173",3,0,43,1,0,12
"2174",5,1,52,0,1,23
"2175",6,0,44,0,0,3
"2176",8,0,26,0,0,6
"2177",7,0,43,0,0,17
"2178",6,0,38,0,0,20
"2179",3,1,30,1,1,5
"2180",2,0,32,0,1,16
"2181",4,1,49,1,0,24
"2182",2,1,57,1,1,8
"2183",1,1,51,1,1,31
"2184",5,1,42,0,1,31
"2185",3,0,57,0,0,40
"2186",5,0,26,0,1,9
"2187",3,0,31,1,0,26
"2188",6,1,56,1,0,41
"2189",6,1,49,1,0,26
"2190",4,0,24,0,1,0
"2191",4,1,45,0,1,41
"2192",3,0,42,1,0,10
"2193",3,1,45,1,1,27
"2194",6,0,49,0,0,13
"2195",7,0,34,0,0,36
"2196",8,0,48,0,0,12
"2197",4,1,56,0,1,48
"2198",3,0,34,1,0,22
"2199",6,1,50,0,1,45
"2200",3,0,25,0,1,22
"2201",4,0,24,1,0,10
"2202",6,1,39,0,1,29
"2203",3,0,24,0,1,19
"2204",5,0,36,0,0,14
"2205",2,0,31,0,1,19
"2206",10,0,29,0,0,0
"2207",3,1,42,1,1,40
"2208",6,0,52,0,0,41
"2209",5,0,35,0,1,9
"2210",2,0,57,1,0,8
"2211",7,0,38,0,0,24
"2212",4,1,30,1,1,3
"2213",4,1,58,1,1,44
"2214",3,0,38,1,0,25
"2215",4,1,58,1,0,39
"2216",3,1,58,1,1,22
"2217",5,1,32,1,1,5
"2218",3,1,48,1,1,31
"2219",5,1,60,1,0,48
"2220",3,1,58,1,1,31
"2221",6,1,47,0,1,29
"2222",3,1,49,0,1,35
"2223",7,0,29,0,0,8
"2224",4,0,33,1,0,30
"2225",3,1,51,1,1,30
"2226",2,1,54,1,1,35
"2227",5,1,56,1,0,45
"2228",5,1,42,1,0,17
"2229",5,0,46,0,0,43
"2230",2,1,38,1,1,7
"2231",8,0,42,0,0,8
"2232",5,1,50,0,1,22
"2233",4,0,38,0,1,0
"2234",3,0,28,0,1,32
"2235",2,1,32,1,1,14
"2236",4,0,47,0,0,42
"2237",3,1,27,1,1,31
"2238",2,1,49,1,1,28
"2239",2,0,27,0,1,19
"2240",4,1,56,1,1,29
"2241",3,0,46,1,0,6
"2242",5,1,44,1,1,40
"2243",2,1,53,1,1,13
"2244",5,0,51,0,0,12
"2245",2,1,38,1,1,32
"2246",3,0,34,1,0,4
"2247",4,1,59,0,1,46
"2248",4,0,22,0,1,14
"2249",2,0,34,1,0,26
"2250",6,0,34,0,0,0
"2251",0,0,53,0,1,12
"2252",1,1,31,1,1,31
"2253",2,1,30,1,1,32
"2254",6,1,50,1,0,17
"2255",7,0,22,0,0,7
"2256",2,1,54,1,1,18
"2257",2,0,35,1,0,30
"2258",7,0,32,0,0,27
"2259",2,1,51,1,1,44
"2260",6,1,36,1,1,17
"2261",3,0,23,0,1,25
"2262",2,0,37,1,0,1
"2263",6,0,50,0,0,42
"2264",2,0,59,0,1,20
"2265",3,0,32,0,1,6
"2266",4,1,42,0,1,28
"2267",4,1,43,1,1,13
"2268",3,1,58,0,1,48
"2269",2,0,27,1,0,6
"2270",5,1,58,0,1,45
"2271",4,1,37,1,1,15
"2272",4,1,50,0,1,35
"2273",4,0,32,0,1,26
"2274",7,0,52,0,0,10
"2275",6,1,45,1,0,40
"2276",5,1,59,1,0,25
"2277",3,0,27,1,0,2
"2278",3,0,35,1,0,8
"2279",6,0,52,0,0,21
"2280",7,0,28,0,0,18
"2281",5,1,49,1,1,11
"2282",3,1,60,1,1,50
"2283",3,1,39,1,1,38
"2284",5,1,39,1,1,9
"2285",4,0,42,0,1,1
"2286",3,0,45,0,1,13
"2287",3,0,50,0,1,9
"2288",4,1,56,0,1,32
"2289",6,0,47,0,0,36
"2290",3,1,39,1,1,10
"2291",5,0,36,0,1,0
"2292",4,1,33,1,0,34
"2293",4,1,42,1,1,10
"2294",2,1,26,1,1,32
"2295",6,1,44,1,0,28
"2296",1,0,50,1,0,9
"2297",8,0,25,0,0,0
"2298",1,0,33,1,0,18
"2299",3,0,51,1,0,9
"2300",5,1,55,0,1,32
"2301",4,1,45,1,1,3
"2302",5,0,36,0,1,14
"2303",6,0,34,0,0,19
"2304",5,0,52,0,0,31
"2305",7,0,47,0,0,24
"2306",7,0,51,0,0,12
"2307",4,1,40,1,1,34
"2308",4,0,22,1,0,24
"2309",3,0,25,1,0,0
"2310",3,1,60,1,1,33
"2311",2,0,34,0,1,5
"2312",4,1,59,1,0,14
"2313",5,1,57,1,0,35
"2314",7,0,34,0,0,5
"2315",3,1,29,1,1,15
"2316",3,0,57,0,0,48
"2317",2,1,34,1,1,31
"2318",6,1,56,1,0,26
"2319",3,0,34,0,1,4
"2320",6,0,33,0,0,20
"2321",3,1,23,1,1,6
"2322",6,0,44,0,0,31
"2323",3,0,32,0,1,13
"2324",7,0,39,0,0,0
"2325",8,0,26,0,0,26
"2326",5,0,54,0,0,22
"2327",3,0,47,1,0,5
"2328",2,0,37,0,1,24
"2329",4,1,22,1,1,13
"2330",3,0,53,1,0,16
"2331",4,1,25,1,1,7
"2332",7,0,34,0,0,1
"2333",4,1,53,1,1,22
"2334",4,1,39,0,1,30
"2335",3,0,35,0,1,18
"2336",3,1,49,0,1,29
"2337",7,0,43,0,0,22
"2338",5,1,30,1,1,0
"2339",5,1,43,0,1,42
"2340",4,1,35,0,1,26
"2341",1,0,40,1,0,18
"2342",5,0,43,0,0,20
"2343",3,1,54,1,1,10
"2344",6,1,50,0,1,6
"2345",1,0,48,1,0,11
"2346",3,1,48,0,1,39
"2347",2,1,43,1,1,36
"2348",5,1,60,1,0,22
"2349",4,0,38,0,0,25
"2350",9,0,26,0,0,12
"2351",5,1,60,0,1,35
"2352",5,1,58,1,0,32
"2353",3,0,24,0,1,0
"2354",7,0,27,0,0,19
"2355",1,0,37,0,1,22
"2356",6,0,40,0,0,12
"2357",6,0,44,0,0,30
"2358",2,0,23,0,1,31
"2359",4,0,44,1,0,13
"2360",4,1,44,1,1,19
"2361",4,1,56,1,1,28
"2362",1,0,47,1,0,9
"2363",1,0,29,1,0,2
"2364",9,0,40,0,0,1
"2365",3,0,27,1,0,25
"2366",8,0,35,0,0,8
"2367",4,1,23,1,1,23
"2368",5,1,28,1,1,6
"2369",5,1,51,0,1,37
"2370",6,1,60,1,0,38
"2371",4,0,49,1,0,10
"2372",6,0,35,0,0,33
"2373",3,1,60,1,1,42
"2374",6,1,60,1,0,38
"2375",4,1,42,1,0,30
"2376",1,0,38,0,1,16
"2377",3,1,25,1,1,2
"2378",2,0,39,1,0,3
"2379",3,0,27,0,1,11
"2380",3,1,59,1,1,36
"2381",8,0,35,0,0,8
"2382",5,1,57,1,0,13
"2383",4,1,26,1,1,25
"2384",3,1,49,1,1,41
"2385",4,1,51,1,1,36
"2386",2,0,33,0,1,20
"2387",6,0,56,0,0,31
"2388",5,1,47,0,1,39
"2389",4,0,55,0,0,42
"2390",4,1,31,1,1,6
"2391",5,1,24,1,1,5
"2392",2,0,25,0,1,0
"2393",3,1,41,1,1,14
"2394",8,0,31,0,0,8
"2395",3,0,23,1,0,27
"2396",5,1,26,1,1,22
"2397",3,0,28,1,0,2
"2398",2,0,25,1,0,12
"2399",4,0,34,1,0,33
"2400",5,1,59,1,1,29
"2401",4,0,47,1,0,8
"2402",2,1,59,1,1,34
"2403",3,1,39,1,1,7
"2404",0,0,35,0,1,12
"2405",2,0,27,1,0,32
"2406",6,0,43,0,0,32
"2407",3,1,40,1,1,28
"2408",5,1,34,1,1,8
"2409",0,0,27,1,0,12
"2410",5,0,52,0,0,8
"2411",4,1,57,0,1,17
"2412",3,0,43,0,1,4
"2413",7,0,43,0,0,7
"2414",2,0,39,1,0,16
"2415",3,1,60,1,1,28
"2416",4,1,50,1,1,24
"2417",4,1,39,1,1,16
"2418",5,1,40,0,1,18
"2419",3,1,51,1,1,24
"2420",6,0,41,0,0,29
"2421",4,0,37,0,1,0
"2422",5,1,60,1,0,18
"2423",4,1,57,1,0,38
"2424",5,1,55,1,1,34
"2425",2,0,43,1,0,20
"2426",5,0,27,0,0,27
"2427",4,1,43,1,1,24
"2428",9,0,42,0,0,13
"2429",4,1,45,1,1,27
"2430",3,0,59,0,1,10
"2431",3,0,28,1,0,0
"2432",3,1,58,1,1,31
"2433",4,1,46,1,0,26
"2434",3,1,49,1,1,35
"2435",7,0,22,0,0,24
"2436",2,0,31,1,0,10
"2437",3,1,56,1,1,48
"2438",0,0,32,1,0,35
"2439",9,0,35,0,0,0
"2440",4,1,26,1,1,8
"2441",3,1,44,1,1,6
"2442",4,0,41,0,1,1
"2443",3,1,43,1,1,2
"2444",2,0,47,0,1,21
"2445",0,0,47,1,0,16
"2446",5,0,54,0,0,32
"2447",2,1,52,1,1,36
"2448",4,1,49,1,1,38
"2449",5,1,58,0,1,32
"2450",1,1,59,1,1,30
"2451",2,0,27,1,0,5
"2452",5,1,28,1,1,15
"2453",4,0,28,0,1,14
"2454",5,1,39,1,0,37
"2455",6,1,33,1,1,13
"2456",5,0,47,0,0,31
"2457",6,1,60,0,1,26
"2458",3,1,54,1,1,42
"2459",5,1,54,0,1,32
"2460",6,0,40,0,0,15
"2461",4,1,54,1,1,23
"2462",6,0,50,0,0,32
"2463",5,1,57,1,0,46
"2464",2,1,50,1,1,42
"2465",5,1,53,0,1,32
"2466",7,0,48,0,0,4
"2467",3,1,44,1,1,16
"2468",3,0,36,1,0,29
"2469",5,1,52,1,0,16
"2470",2,0,36,0,1,8
"2471",3,0,25,1,0,0
"2472",1,0,54,1,0,8
"2473",4,0,37,0,1,0
"2474",5,0,40,0,1,25
"2475",3,1,49,1,1,35
"2476",8,0,27,0,0,0
"2477",6,0,54,0,0,25
"2478",5,0,51,0,0,12
"2479",2,0,45,0,1,5
"2480",5,1,27,1,1,0
"2481",2,0,28,0,1,7
"2482",6,1,46,1,0,37
"2483",3,0,58,0,0,49
"2484",7,0,22,0,0,14
"2485",5,1,48,0,1,25
"2486",2,0,30,0,1,31
"2487",3,1,27,1,1,13
"2488",3,1,51,1,1,18
"2489",4,1,40,1,1,11
"2490",5,0,53,0,0,33
"2491",2,0,48,1,0,4
"2492",4,1,49,1,1,6
"2493",4,1,30,1,1,20
"2494",3,1,22,1,1,13
"2495",4,0,47,0,0,37
"2496",7,0,34,0,0,9
"2497",4,0,32,1,0,20
"2498",5,1,33,1,1,26
"2499",6,1,59,1,0,18
"2500",4,0,22,1,0,16
"2501",2,0,32,0,1,21
"2502",8,0,27,0,0,24
"2503",2,0,36,1,0,0
"2504",5,1,44,0,1,18
"2505",2,0,40,1,0,19
"2506",2,0,25,1,0,15
"2507",2,0,39,0,1,14
"2508",7,0,29,0,0,33
"2509",3,0,43,1,0,14
"2510",2,0,23,1,0,24
"2511",1,0,51,1,0,16
"2512",2,0,42,0,1,3
"2513",3,1,60,1,1,27
"2514",7,0,51,0,0,13
"2515",4,1,54,0,1,38
"2516",7,0,28,0,0,19
"2517",2,0,41,0,1,9
"2518",4,1,58,1,0,46
"2519",4,1,57,1,1,33
"2520",1,0,29,0,1,32
"2521",4,1,22,1,1,15
"2522",6,0,29,0,0,23
"2523",3,0,43,1,0,24
"2524",2,0,36,0,1,15
"2525",4,0,55,0,0,24
"2526",4,0,45,0,0,39
"2527",3,0,60,0,0,26
"2528",5,1,29,1,1,14
"2529",8,0,23,0,0,31
"2530",4,1,58,1,0,48
"2531",7,0,29,0,0,5
"2532",3,1,38,1,1,35
"2533",4,1,43,0,1,25
"2534",4,0,34,0,1,25
"2535",5,0,42,0,0,35
"2536",1,0,36,0,1,22
"2537",5,0,51,0,0,27
"2538",6,1,50,0,1,18
"2539",5,1,51,1,0,38
"2540",5,1,26,1,1,2
"2541",6,0,60,0,0,31
"2542",3,1,26,1,1,8
"2543",6,0,36,0,0,9
"2544",4,1,48,1,0,28
"2545",5,1,55,1,0,22
"2546",4,1,41,1,1,27
"2547",5,1,27,1,1,17
"2548",3,0,35,1,0,5
"2549",6,0,45,0,0,32
"2550",5,1,47,1,0,39
"2551",4,1,53,1,1,30
"2552",3,1,25,1,1,26
"2553",2,0,29,0,1,1
"2554",5,0,48,0,0,32
"2555",2,0,37,0,1,22
"2556",4,1,59,1,0,37
"2557",3,0,57,0,0,38
"2558",6,1,51,1,0,8
"2559",3,1,39,1,1,18
"2560",5,1,52,0,1,35
"2561",4,1,26,1,1,24
"2562",7,0,29,0,0,6
"2563",4,1,53,0,1,43
"2564",3,0,35,1,0,2
"2565",7,0,49,0,0,12
"2566",4,1,59,1,0,45
"2567",5,0,42,0,0,27
"2568",4,1,34,1,1,16
"2569",3,1,46,1,1,17
"2570",2,0,31,0,1,19
"2571",5,1,38,1,0,37
"2572",3,0,43,1,0,6
"2573",6,1,60,0,1,50
"2574",7,0,44,0,0,35
"2575",4,0,29,1,0,0
"2576",5,1,48,1,0,23
"2577",8,0,35,0,0,15
"2578",2,0,31,1,0,4
"2579",3,1,40,1,1,38
"2580",5,0,22,1,0,29
"2581",7,0,40,0,0,10
"2582",2,0,35,1,0,27
"2583",1,0,28,1,0,31
"2584",7,0,30,0,0,0
"2585",8,0,41,0,0,33
"2586",5,0,59,0,0,45
"2587",5,0,34,0,0,32
"2588",4,1,47,0,1,26
"2589",5,1,34,1,1,17
"2590",6,1,57,1,0,41
"2591",5,1,30,1,1,12
"2592",7,0,49,0,0,21
"2593",4,1,22,1,1,27
"2594",4,1,38,1,1,21
"2595",3,1,52,1,1,29
"2596",3,0,37,0,1,27
"2597",3,1,39,1,0,40
"2598",6,1,42,0,1,20
"2599",2,1,35,1,1,5
"2600",6,1,48,1,0,31
"2601",7,0,29,0,0,0
"2602",2,0,35,1,0,11
"2603",6,1,29,0,1,33
"2604",3,0,47,0,1,5
"2605",3,1,30,1,1,4
"2606",3,0,30,0,1,1
"2607",3,0,26,0,1,11
"2608",5,1,52,0,1,18
"2609",7,1,52,1,0,21
"2610",4,1,55,1,1,39
"2611",4,1,48,1,1,7
"2612",6,0,50,0,0,31
"2613",5,0,46,0,0,10
"2614",2,1,56,1,1,24
"2615",2,0,59,1,0,11
"2616",6,1,58,0,1,26
"2617",4,1,44,1,1,14
"2618",5,1,23,1,1,5
"2619",5,1,34,1,1,29
"2620",4,0,48,0,0,19
"2621",3,0,42,1,0,21
"2622",3,0,33,0,1,9
"2623",3,1,49,1,1,44
"2624",4,0,60,0,0,33
"2625",2,0,33,0,1,23
"2626",7,0,28,0,0,20
"2627",4,1,50,1,1,32
"2628",1,0,47,0,1,10
"2629",5,0,46,0,0,9
"2630",4,1,44,1,1,20
"2631",2,1,36,1,1,33
"2632",8,1,41,1,0,30
"2633",5,1,52,0,1,16
"2634",2,0,29,0,1,29
"2635",5,1,54,1,1,44
"2636",4,1,22,1,1,27
"2637",5,0,55,0,0,24
"2638",4,1,53,0,1,6
"2639",6,0,57,0,0,36
"2640",3,1,47,1,1,36
"2641",2,0,26,0,1,21
"2642",3,1,51,1,1,18
"2643",4,1,37,1,1,29
"2644",3,1,29,1,1,33
"2645",4,1,49,1,1,19
"2646",4,1,29,1,1,7
"2647",5,0,54,0,0,36
"2648",5,1,23,1,1,7
"2649",3,1,44,1,1,10
"2650",3,0,35,1,0,9
"2651",4,1,59,0,1,32
"2652",3,0,25,1,0,6
"2653",5,0,54,0,0,31
"2654",3,0,22,0,1,21
"2655",3,0,49,0,1,13
"2656",4,0,24,0,1,0
"2657",6,1,41,1,1,1
"2658",4,1,49,1,1,13
"2659",4,1,58,1,0,24
"2660",2,0,30,1,0,35
"2661",8,0,29,0,0,12
"2662",4,0,34,0,1,8
"2663",5,1,60,0,1,38
"2664",4,1,59,0,1,15
"2665",2,0,42,0,1,6
"2666",6,0,56,0,0,33
"2667",4,0,30,1,0,0
"2668",8,0,28,0,0,10
"2669",8,0,29,0,0,0
"2670",4,0,26,0,1,13
"2671",4,1,58,0,1,35
"2672",1,0,36,1,0,26
"2673",3,0,34,0,1,12
"2674",4,1,57,1,0,10
"2675",1,0,26,1,0,18
"2676",4,0,22,0,1,14
"2677",3,1,35,1,1,37
"2678",6,1,48,1,0,26
"2679",5,1,60,0,1,17
"2680",3,0,44,0,1,3
"2681",8,0,55,0,0,22
"2682",4,1,55,1,1,40
"2683",3,0,25,1,0,18
"2684",5,1,51,0,1,28
"2685",9,0,31,0,0,0
"2686",4,0,25,1,0,0
"2687",4,1,30,1,1,29
"2688",3,1,44,1,1,23
"2689",2,0,39,0,1,2
"2690",5,1,39,1,1,31
"2691",4,1,53,0,1,13
"2692",5,1,57,1,0,12
"2693",6,0,53,0,0,10
"2694",3,0,29,1,0,23
"2695",5,1,56,1,0,39
"2696",4,1,51,0,1,35
"2697",4,1,58,1,1,37
"2698",3,0,24,0,1,21
"2699",2,1,35,1,1,10
"2700",6,1,41,0,1,40
"2701",5,0,49,0,0,40
"2702",4,1,39,1,0,40
"2703",3,1,51,1,1,17
"2704",5,1,53,0,1,10
"2705",3,1,52,1,1,14
"2706",6,0,49,0,0,29
"2707",4,1,30,1,1,18
"2708",3,1,34,1,1,13
"2709",4,0,39,1,0,22
"2710",3,0,25,1,0,18
"2711",3,1,31,1,1,13
"2712",3,0,56,0,0,33
"2713",4,1,47,1,0,27
"2714",2,1,59,1,1,21
"2715",4,0,49,0,0,28
"2716",4,0,25,0,1,12
"2717",2,0,49,0,1,20
"2718",9,0,24,0,0,8
"2719",4,1,44,1,0,35
"2720",5,1,56,1,0,46
"2721",3,1,52,0,1,34
"2722",7,0,48,0,0,13
"2723",4,1,34,1,1,7
"2724",7,0,32,0,0,11
"2725",2,0,29,1,0,28
"2726",3,1,29,1,1,11
"2727",7,0,28,0,0,22
"2728",4,0,26,1,0,11
"2729",4,1,48,1,1,20
"2730",8,0,24,0,0,1
"2731",5,1,58,1,1,12
"2732",8,0,26,0,0,0
"2733",6,0,57,0,0,11
"2734",2,0,28,1,0,22
"2735",4,0,31,1,0,0
"2736",5,0,55,0,0,42
"2737",4,1,31,1,1,0
"2738",3,1,57,1,0,28
"2739",5,1,39,0,1,34
"2740",5,0,58,0,0,37
"2741",4,0,37,0,0,35
"2742",5,1,37,1,1,11
"2743",7,0,28,0,0,15
"2744",5,1,60,1,0,11
"2745",3,0,37,1,0,31
"2746",1,0,32,0,1,20
"2747",4,1,50,1,0,19
"2748",5,1,44,1,0,39
"2749",9,0,22,0,0,16
"2750",3,1,49,1,1,11
"2751",5,1,42,1,0,3
"2752",1,1,34,1,1,20
"2753",5,1,47,1,1,21
"2754",3,0,38,0,1,4
"2755",3,1,42,1,1,20
"2756",4,0,35,1,0,8
"2757",2,0,30,0,1,4
"2758",2,0,27,1,0,22
"2759",5,0,45,0,1,3
"2760",1,0,26,0,1,8
"2761",6,1,46,1,0,31
"2762",4,1,45,0,1,17
"2763",3,0,22,0,1,21
"2764",9,0,43,0,0,15
"2765",3,0,47,0,1,17
"2766",5,0,47,0,0,40
"2767",3,1,43,1,1,20
"2768",3,0,35,0,1,1
"2769",1,0,34,1,0,20
"2770",3,1,30,1,1,0
"2771",3,0,35,0,1,24
"2772",5,0,45,0,0,2
"2773",4,0,60,0,0,41
"2774",3,0,37,0,1,6
"2775",5,1,56,1,0,44
"2776",3,1,41,1,1,37
"2777",7,0,35,0,0,35
"2778",4,0,32,1,0,8
"2779",2,1,25,1,1,22
"2780",5,1,57,0,1,33
"2781",2,0,28,1,0,33
"2782",0,0,33,0,1,27
"2783",5,0,60,0,0,25
"2784",3,1,48,0,1,40
"2785",6,1,39,1,0,30
"2786",6,0,40,0,0,9
"2787",6,0,44,0,0,11
"2788",3,1,41,1,1,15
"2789",5,1,29,1,1,16
"2790",6,0,54,0,0,40
"2791",5,0,40,0,0,39
"2792",6,0,28,1,0,0
"2793",3,0,24,0,1,6
"2794",4,1,35,1,1,4
"2795",6,0,27,0,0,31
"2796",5,1,50,0,1,34
"2797",3,1,58,0,1,39
"2798",8,0,26,0,0,5
"2799",5,1,38,1,1,1
"2800",3,1,43,1,1,8
"2801",1,0,35,0,1,31
"2802",4,0,31,1,0,14
"2803",3,1,32,1,1,19
"2804",5,1,51,1,0,33
"2805",4,1,32,1,1,7
"2806",6,0,38,0,0,30
"2807",6,0,46,0,0,13
"2808",2,0,28,1,0,22
"2809",4,1,45,1,1,30
"2810",6,0,40,0,0,15
"2811",4,1,51,1,1,40
"2812",2,1,49,1,1,28
"2813",3,0,33,1,0,15
"2814",7,0,49,0,0,13
"2815",6,1,53,0,1,40
"2816",7,0,26,0,0,18
"2817",4,0,44,0,0,36
"2818",7,0,22,0,0,0
"2819",5,1,55,1,0,47
"2820",5,1,39,0,1,39
"2821",6,0,44,0,0,25
"2822",5,1,39,0,1,35
"2823",3,1,30,1,1,0
"2824",8,0,24,0,0,0
"2825",5,1,50,1,1,13
"2826",2,0,32,0,1,0
"2827",6,0,32,0,0,15
"2828",5,0,33,0,0,35
"2829",3,0,41,1,0,11
"2830",3,0,25,1,0,19
"2831",1,0,46,0,1,13
"2832",2,0,27,1,0,29
"2833",6,1,47,1,0,17
"2834",4,1,50,0,1,38
"2835",9,0,31,0,0,1
"2836",2,0,25,1,0,27
"2837",3,0,52,0,1,6
"2838",5,0,43,0,0,33
"2839",8,0,30,0,0,14
"2840",4,1,52,1,1,18
"2841",4,1,58,1,0,38
"2842",4,1,47,1,0,23
"2843",2,0,49,0,1,26
"2844",3,0,28,1,0,14
"2845",2,0,42,1,0,12
"2846",3,0,32,1,0,0
"2847",6,0,36,0,0,37
"2848",4,0,28,0,1,0
"2849",6,0,45,0,0,35
"2850",4,1,46,1,1,13
"2851",8,0,30,0,0,13
"2852",3,0,40,0,1,26
"2853",7,0,25,0,0,8
"2854",6,0,43,0,0,7
"2855",5,0,44,0,0,16
"2856",6,1,39,1,0,27
"2857",5,1,51,0,1,19
"2858",5,1,59,0,1,25
"2859",7,0,41,0,0,38
"2860",6,0,51,0,0,7
"2861",6,0,53,0,0,19
"2862",4,1,38,1,1,14
"2863",5,0,45,0,0,27
"2864",5,1,36,1,1,6
"2865",3,0,25,0,1,5
"2866",4,1,29,1,1,27
"2867",3,0,55,1,0,13
"2868",6,1,56,1,0,48
"2869",5,0,40,0,0,34
"2870",4,1,35,1,0,23
"2871",4,1,39,1,1,38
"2872",4,1,43,1,1,41
"2873",4,0,36,0,1,12
"2874",3,0,37,1,0,24
"2875",2,0,45,1,0,13
"2876",7,0,45,0,0,8
"2877",3,0,30,0,1,28
"2878",5,0,43,0,0,37
"2879",4,1,23,1,1,13
"2880",4,1,51,1,0,35
"2881",5,1,57,0,1,21
"2882",3,1,28,1,1,0
"2883",2,0,49,1,0,13
"2884",1,0,22,1,0,21
"2885",4,0,28,0,1,0
"2886",6,0,53,0,0,33
"2887",3,1,60,1,0,33
"2888",3,1,35,1,1,16
"2889",4,0,32,0,1,3
"2890",4,0,43,0,0,16
"2891",4,0,47,0,0,38
"2892",5,1,50,1,0,32
"2893",2,0,59,1,0,16
"2894",0,0,32,1,0,19
"2895",4,1,37,1,1,1
"2896",5,1,53,0,1,33
"2897",1,0,43,1,0,13
"2898",8,0,23,0,0,6
"2899",2,0,40,1,0,16
"2900",5,1,49,1,0,26
"2901",5,1,59,1,1,29
"2902",4,1,53,0,1,37
"2903",3,1,60,1,1,37
"2904",6,0,47,0,0,7
"2905",6,0,31,0,0,20
"2906",3,1,50,1,1,45
"2907",7,0,22,0,0,6
"2908",5,0,44,0,0,36
"2909",4,1,42,1,1,17
"2910",1,1,54,1,1,32
"2911",3,1,39,1,1,20
"2912",6,0,41,0,0,16
"2913",5,1,37,1,0,35
"2914",5,0,40,1,0,4
"2915",5,1,48,1,0,16
"2916",4,0,55,0,0,41
"2917",4,1,43,0,1,40
"2918",4,1,30,1,1,22
"2919",4,1,33,1,1,29
"2920",1,0,46,1,0,22
"2921",2,1,25,1,1,22
"2922",4,1,43,1,1,33
"2923",5,0,45,1,0,6
"2924",4,1,33,1,1,5
"2925",4,1,25,1,1,26
"2926",3,1,55,1,1,9
"2927",6,0,40,0,0,37
"2928",5,0,36,0,0,14
"2929",6,1,58,1,0,20
"2930",5,0,46,0,0,35
"2931",5,1,51,1,0,35
"2932",4,0,41,0,1,5
"2933",3,0,22,1,0,28
"2934",4,0,45,0,0,30
"2935",4,1,38,1,1,1
"2936",8,0,40,0,0,9
"2937",4,0,56,0,0,34
"2938",4,0,50,0,0,18
"2939",6,0,50,0,0,14
"2940",5,0,50,0,0,24
"2941",1,0,38,0,1,15
"2942",4,1,28,1,1,0
"2943",4,1,44,0,1,25
"2944",4,0,42,0,0,16
"2945",4,1,32,1,1,1
"2946",5,1,46,1,0,21
"2947",5,1,51,0,1,34
"2948",7,1,51,0,1,28
"2949",3,1,46,1,1,32
"2950",6,1,59,1,1,14
"2951",5,0,36,0,0,11
"2952",5,0,36,0,0,30
"2953",3,1,53,1,1,27
"2954",5,1,36,0,1,26
"2955",3,0,27,0,1,0
"2956",6,0,37,0,0,16
"2957",5,1,57,1,0,38
"2958",5,1,25,1,1,22
"2959",1,0,32,0,1,25
"2960",2,1,42,1,1,15
"2961",3,0,60,0,0,49
"2962",3,1,30,1,1,14
"2963",4,1,28,1,1,4
"2964",5,1,59,0,1,40
"2965",2,0,35,1,0,13
"2966",6,1,43,0,1,30
"2967",4,1,55,1,1,41
"2968",4,0,35,1,0,5
"2969",6,0,36,0,0,35
"2970",8,0,47,0,0,5
"2971",3,1,31,1,0,27
"2972",0,0,58,1,0,16
"2973",5,1,27,1,1,5
"2974",4,0,59,0,0,39
"2975",4,1,32,1,1,29
"2976",5,0,54,0,0,32
"2977",5,1,58,0,1,37
"2978",1,0,59,1,0,16
"2979",5,0,23,0,1,11
"2980",5,0,31,0,0,33
"2981",4,1,45,1,1,38
"2982",2,1,49,1,1,38
"2983",4,0,31,1,0,10
"2984",3,0,32,0,1,0
"2985",7,1,60,1,1,12
"2986",3,1,26,1,1,12
"2987",4,0,33,1,0,4
"2988",8,0,23,0,0,15
"2989",6,0,29,1,0,0
"2990",4,0,45,0,0,40
"2991",5,1,60,1,0,50
"2992",4,1,53,0,1,39
"2993",3,0,25,1,0,6
"2994",3,1,23,1,1,0
"2995",4,0,59,0,0,36
"2996",6,1,59,1,0,49
"2997",4,1,37,1,1,14
"2998",2,0,35,1,0,14
"2999",4,1,48,1,1,42
"3000",6,1,41,1,0,17
